{
  "resourceType" : "Bundle",
  "id" : "12b8e84a-6420-4a73-a70b-ce455bdc264a",
  "meta" : {
    "lastUpdated" : "2023-01-09T19:01:04.442+00:00"
  },
  "type" : "collection",
  "entry" : [{
    "fullUrl" : "https://pmi-fhir-ig.github.io/pmi-fhir-ig/ValueSet/PMIIdentifierTypeVS",
    "resource" : {
      "resourceType" : "ValueSet",
      "id" : "PMIIdentifierTypeVS",
      "text" : {
        "status" : "generated",
        "div" : "<div xmlns=\"http://www.w3.org/1999/xhtml\"><p>This value set contains 2 concepts</p><div style=\"border: black 1px dotted; background-color: #EEEEEE; padding: 8px; margin-bottom: 8px\"><p>Expansion based on: </p><ul><li><a href=\"CodeSystem-PMIIdentifierTypeCS.html\">PMI Identifier Type Code System v0.1.1 (CodeSystem)</a></li><li><a href=\"http://terminology.hl7.org/5.0.0/CodeSystem-v2-0203.html\">identifierType v2.9.0 (CodeSystem)</a></li></ul></div><table class=\"codes\"><tr><td style=\"white-space:nowrap\"><b>Code</b></td><td><b>System</b></td><td><b>Display</b></td><td><b>Definition</b></td></tr><tr><td style=\"white-space:nowrap\"><a name=\"http---terminology.hl7.org-CodeSystem-v2-0203-SS\"> </a>  <a href=\"http://terminology.hl7.org/5.0.0/CodeSystem-v2-0203.html#v2-0203-SS\">SS</a></td><td>http://terminology.hl7.org/CodeSystem/v2-0203</td><td>Social Security number</td><td><div><p>Social Security number</p>\n</div></td></tr><tr><td style=\"white-space:nowrap\"><a name=\"https---pmi-fhir-ig.github.io-pmi-fhir-ig-CodeSystem-PMIIdentifierTypeCS-NPH-1000\"> </a>  <a href=\"CodeSystem-PMIIdentifierTypeCS.html#PMIIdentifierTypeCS-NPH-1000\">NPH-1000</a></td><td>https://pmi-fhir-ig.github.io/pmi-fhir-ig/CodeSystem/PMIIdentifierTypeCS</td><td>NPH Program Identifier for study 1000</td><td><div/></td></tr></table></div>"
      },
      "url" : "https://pmi-fhir-ig.github.io/pmi-fhir-ig/ValueSet/PMIIdentifierTypeVS",
      "version" : "0.1.1",
      "name" : "PMIIdentifierTypeVS",
      "title" : "PMI Identifier Type ValueSet",
      "status" : "active",
      "experimental" : false,
      "date" : "2023-01-09T19:01:04+00:00",
      "publisher" : "Vibrent Health",
      "contact" : [{
        "name" : "Vibrent Health",
        "telecom" : [{
          "system" : "url",
          "value" : "https://vibrenthealth.com"
        },
        {
          "system" : "email",
          "value" : "anaik@vibrenthealth.com"
        }]
      },
      {
        "name" : "Addy Naik",
        "telecom" : [{
          "system" : "email",
          "value" : "anaik@vibrenthealth.com",
          "use" : "work"
        }]
      },
      {
        "name" : "Daniel Uribe",
        "telecom" : [{
          "system" : "email",
          "value" : "duribe@vibrenthealth.com",
          "use" : "work"
        }]
      }],
      "description" : "Identifier types for the PMI Participant",
      "expansion" : {
        "identifier" : "urn:uuid:53a6c64d-524e-4542-8cba-9f7e347f3684",
        "timestamp" : "2023-01-09T19:01:19+00:00",
        "total" : 2,
        "parameter" : [{
          "name" : "excludeNested",
          "valueBoolean" : false
        },
        {
          "name" : "version",
          "valueUri" : "http://terminology.hl7.org/CodeSystem/v2-0203|2.9.0"
        },
        {
          "name" : "version",
          "valueUri" : "https://pmi-fhir-ig.github.io/pmi-fhir-ig/CodeSystem/PMIIdentifierTypeCS|0.1.1"
        }],
        "contains" : [{
          "system" : "http://terminology.hl7.org/CodeSystem/v2-0203",
          "code" : "SS",
          "display" : "Social Security number"
        },
        {
          "system" : "https://pmi-fhir-ig.github.io/pmi-fhir-ig/CodeSystem/PMIIdentifierTypeCS",
          "code" : "NPH-1000",
          "display" : "NPH Program Identifier for study 1000"
        }]
      }
    }
  }]
}