{
  "resourceType" : "Bundle",
  "id" : "7ebfdfa5-0372-4f6f-aaf6-6e2cb2ef1e30",
  "meta" : {
    "lastUpdated" : "2023-01-17T01:07:30.944+00:00"
  },
  "type" : "collection",
  "entry" : [{
    "fullUrl" : "https://pmi-fhir-ig.github.io/pmi-fhir-ig/ValueSet/PMIIdentifierTypeVS",
    "resource" : {
      "resourceType" : "ValueSet",
      "id" : "PMIIdentifierTypeVS",
      "text" : {
        "status" : "generated",
        "div" : "<div xmlns=\"http://www.w3.org/1999/xhtml\"><p>This value set contains 2 concepts</p><div style=\"border: black 1px dotted; background-color: #EEEEEE; padding: 8px; margin-bottom: 8px\"><p>Expansion based on: </p><ul><li><a href=\"CodeSystem-PMIIdentifierTypeCS.html\">PMI Identifier Type Code System v0.1.1 (CodeSystem)</a></li><li><a href=\"http://terminology.hl7.org/5.0.0/CodeSystem-v2-0203.html\">identifierType v2.9.0 (CodeSystem)</a></li></ul></div><table class=\"codes\"><tr><td style=\"white-space:nowrap\"><b>Code</b></td><td><b>System</b></td><td><b>Display</b></td><td><b>Definition</b></td></tr><tr><td style=\"white-space:nowrap\"><a name=\"http---terminology.hl7.org-CodeSystem-v2-0203-SS\"> </a>  <a href=\"http://terminology.hl7.org/5.0.0/CodeSystem-v2-0203.html#v2-0203-SS\">SS</a></td><td>http://terminology.hl7.org/CodeSystem/v2-0203</td><td>Social Security number</td><td><div><p>Social Security number</p>\n</div></td></tr><tr><td style=\"white-space:nowrap\"><a name=\"https---pmi-fhir-ig.github.io-pmi-fhir-ig-CodeSystem-PMIIdentifierTypeCS-NPH-1000\"> </a>  <a href=\"CodeSystem-PMIIdentifierTypeCS.html#PMIIdentifierTypeCS-NPH-1000\">NPH-1000</a></td><td>https://pmi-fhir-ig.github.io/pmi-fhir-ig/CodeSystem/PMIIdentifierTypeCS</td><td>NPH Program Identifier for study 1000</td><td><div/></td></tr></table></div>"
      },
      "url" : "https://pmi-fhir-ig.github.io/pmi-fhir-ig/ValueSet/PMIIdentifierTypeVS",
      "version" : "0.1.1",
      "name" : "PMIIdentifierTypeVS",
      "title" : "PMI Identifier Type ValueSet",
      "status" : "active",
      "experimental" : false,
      "date" : "2023-01-17T01:07:30+00:00",
      "publisher" : "Vibrent Health",
      "contact" : [{
        "name" : "Vibrent Health",
        "telecom" : [{
          "system" : "url",
          "value" : "https://vibrenthealth.com"
        },
        {
          "system" : "email",
          "value" : "anaik@vibrenthealth.com"
        }]
      },
      {
        "name" : "Addy Naik",
        "telecom" : [{
          "system" : "email",
          "value" : "anaik@vibrenthealth.com",
          "use" : "work"
        }]
      },
      {
        "name" : "Daniel Uribe",
        "telecom" : [{
          "system" : "email",
          "value" : "duribe@vibrenthealth.com",
          "use" : "work"
        }]
      }],
      "description" : "Identifier types for the PMI Participant",
      "expansion" : {
        "identifier" : "urn:uuid:6ac0b8ee-52a2-4793-80ad-b26c963fdb7f",
        "timestamp" : "2023-01-17T01:07:43+00:00",
        "total" : 2,
        "parameter" : [{
          "name" : "excludeNested",
          "valueBoolean" : false
        },
        {
          "name" : "version",
          "valueUri" : "http://terminology.hl7.org/CodeSystem/v2-0203|2.9.0"
        },
        {
          "name" : "version",
          "valueUri" : "https://pmi-fhir-ig.github.io/pmi-fhir-ig/CodeSystem/PMIIdentifierTypeCS|0.1.1"
        }],
        "contains" : [{
          "system" : "http://terminology.hl7.org/CodeSystem/v2-0203",
          "code" : "SS",
          "display" : "Social Security number"
        },
        {
          "system" : "https://pmi-fhir-ig.github.io/pmi-fhir-ig/CodeSystem/PMIIdentifierTypeCS",
          "code" : "NPH-1000",
          "display" : "NPH Program Identifier for study 1000"
        }]
      }
    }
  },
  {
    "fullUrl" : "https://pmi-fhir-ig.github.io/pmi-fhir-ig/ValueSet/PMIRelationshipTypeVS",
    "resource" : {
      "resourceType" : "ValueSet",
      "id" : "PMIRelationshipTypeVS",
      "text" : {
        "status" : "generated",
        "div" : "<div xmlns=\"http://www.w3.org/1999/xhtml\"><p>This value set contains 6 concepts</p><p style=\"border: black 1px dotted; background-color: #EEEEEE; padding: 8px; margin-bottom: 8px\">Expansion based on <a href=\"CodeSystem-PMIRelationshipTypeCS.html\">PMI Relationship Type Code System v0.1.1 (CodeSystem)</a></p><table class=\"codes\"><tr><td style=\"white-space:nowrap\"><b>Code</b></td><td><b>System</b></td><td><b>Display</b></td></tr><tr><td style=\"white-space:nowrap\"><a name=\"https---pmi-fhir-ig.github.io-pmi-fhir-ig-CodeSystem-PMIRelationshipTypeCS-spouse\"> </a>  <a href=\"CodeSystem-PMIRelationshipTypeCS.html#PMIRelationshipTypeCS-spouse\">spouse</a></td><td>https://pmi-fhir-ig.github.io/pmi-fhir-ig/CodeSystem/PMIRelationshipTypeCS</td><td>Spouse or Partner</td></tr><tr><td style=\"white-space:nowrap\"><a name=\"https---pmi-fhir-ig.github.io-pmi-fhir-ig-CodeSystem-PMIRelationshipTypeCS-friend\"> </a>  <a href=\"CodeSystem-PMIRelationshipTypeCS.html#PMIRelationshipTypeCS-friend\">friend</a></td><td>https://pmi-fhir-ig.github.io/pmi-fhir-ig/CodeSystem/PMIRelationshipTypeCS</td><td>Friend</td></tr><tr><td style=\"white-space:nowrap\"><a name=\"https---pmi-fhir-ig.github.io-pmi-fhir-ig-CodeSystem-PMIRelationshipTypeCS-parent\"> </a>  <a href=\"CodeSystem-PMIRelationshipTypeCS.html#PMIRelationshipTypeCS-parent\">parent</a></td><td>https://pmi-fhir-ig.github.io/pmi-fhir-ig/CodeSystem/PMIRelationshipTypeCS</td><td>Parent or Guardian</td></tr><tr><td style=\"white-space:nowrap\"><a name=\"https---pmi-fhir-ig.github.io-pmi-fhir-ig-CodeSystem-PMIRelationshipTypeCS-child\"> </a>  <a href=\"CodeSystem-PMIRelationshipTypeCS.html#PMIRelationshipTypeCS-child\">child</a></td><td>https://pmi-fhir-ig.github.io/pmi-fhir-ig/CodeSystem/PMIRelationshipTypeCS</td><td>Child</td></tr><tr><td style=\"white-space:nowrap\"><a name=\"https---pmi-fhir-ig.github.io-pmi-fhir-ig-CodeSystem-PMIRelationshipTypeCS-relative\"> </a>  <a href=\"CodeSystem-PMIRelationshipTypeCS.html#PMIRelationshipTypeCS-relative\">relative</a></td><td>https://pmi-fhir-ig.github.io/pmi-fhir-ig/CodeSystem/PMIRelationshipTypeCS</td><td>Relative</td></tr><tr><td style=\"white-space:nowrap\"><a name=\"https---pmi-fhir-ig.github.io-pmi-fhir-ig-CodeSystem-PMIRelationshipTypeCS-other\"> </a>  <a href=\"CodeSystem-PMIRelationshipTypeCS.html#PMIRelationshipTypeCS-other\">other</a></td><td>https://pmi-fhir-ig.github.io/pmi-fhir-ig/CodeSystem/PMIRelationshipTypeCS</td><td>Relative</td></tr></table></div>"
      },
      "url" : "https://pmi-fhir-ig.github.io/pmi-fhir-ig/ValueSet/PMIRelationshipTypeVS",
      "version" : "0.1.1",
      "name" : "PMIRelationshipTypeVS",
      "title" : "PMI Relationship Type ValueSet",
      "status" : "active",
      "experimental" : false,
      "date" : "2023-01-17T01:07:30+00:00",
      "publisher" : "Vibrent Health",
      "contact" : [{
        "name" : "Vibrent Health",
        "telecom" : [{
          "system" : "url",
          "value" : "https://vibrenthealth.com"
        },
        {
          "system" : "email",
          "value" : "anaik@vibrenthealth.com"
        }]
      },
      {
        "name" : "Addy Naik",
        "telecom" : [{
          "system" : "email",
          "value" : "anaik@vibrenthealth.com",
          "use" : "work"
        }]
      },
      {
        "name" : "Daniel Uribe",
        "telecom" : [{
          "system" : "email",
          "value" : "duribe@vibrenthealth.com",
          "use" : "work"
        }]
      }],
      "description" : "Relationship types for the PMI Participant",
      "expansion" : {
        "identifier" : "urn:uuid:110b1ff4-52a2-411f-9a5d-867a4539f559",
        "timestamp" : "2023-01-17T01:07:48+00:00",
        "total" : 6,
        "parameter" : [{
          "name" : "excludeNested",
          "valueBoolean" : false
        },
        {
          "name" : "version",
          "valueUri" : "https://pmi-fhir-ig.github.io/pmi-fhir-ig/CodeSystem/PMIRelationshipTypeCS|0.1.1"
        }],
        "contains" : [{
          "system" : "https://pmi-fhir-ig.github.io/pmi-fhir-ig/CodeSystem/PMIRelationshipTypeCS",
          "code" : "spouse",
          "display" : "Spouse or Partner"
        },
        {
          "system" : "https://pmi-fhir-ig.github.io/pmi-fhir-ig/CodeSystem/PMIRelationshipTypeCS",
          "code" : "friend",
          "display" : "Friend"
        },
        {
          "system" : "https://pmi-fhir-ig.github.io/pmi-fhir-ig/CodeSystem/PMIRelationshipTypeCS",
          "code" : "parent",
          "display" : "Parent or Guardian"
        },
        {
          "system" : "https://pmi-fhir-ig.github.io/pmi-fhir-ig/CodeSystem/PMIRelationshipTypeCS",
          "code" : "child",
          "display" : "Child"
        },
        {
          "system" : "https://pmi-fhir-ig.github.io/pmi-fhir-ig/CodeSystem/PMIRelationshipTypeCS",
          "code" : "relative",
          "display" : "Relative"
        },
        {
          "system" : "https://pmi-fhir-ig.github.io/pmi-fhir-ig/CodeSystem/PMIRelationshipTypeCS",
          "code" : "other",
          "display" : "Relative"
        }]
      }
    }
  }]
}