<?xml version="1.0" encoding="UTF-8"?>

<Bundle xmlns="http://hl7.org/fhir">
  <id value="0583cf7b-e4e4-47da-a0f8-49d998bc3596"/>
  <meta>
    <lastUpdated value="2022-03-30T15:49:01.147+00:00"/>
  </meta>
  <type value="collection"/>
  <entry>
    <fullUrl value="https://pmi-ops.org/fhir/ValueSet/pmipairing-type-codes"/>
    <resource>
      <ValueSet>
        <id value="pmipairing-type-codes"/>
        <text>
          <status value="generated"/>
          <div xmlns="http://www.w3.org/1999/xhtml">
            <p>This value set contains 3 concepts</p>
            <p style="border: black 1px dotted; background-color: #EEEEEE; padding: 8px; margin-bottom: 8px">Expansion based on 
              <a href="CodeSystem-pmipairing-type-code-system.html">PMI Pairing Type CodeSystem v0.1.0 (CodeSystem)</a>
            </p>
            <p>All codes in this table are from the system 
              <a href="CodeSystem-pmipairing-type-code-system.html">
                <code>https://pmi-ops.org/fhir/CodeSystem/pmipairing-type-code-system</code>
              </a>
            </p>
            <table class="codes">
              <tr>
                <td style="white-space:nowrap">
                  <b>Code</b>
                </td>
                <td>
                  <b>Display</b>
                </td>
                <td>
                  <b>Definition</b>
                </td>
              </tr>
              <tr>
                <td style="white-space:nowrap">
                  <a name="https---pmi-ops.org-fhir-CodeSystem-pmipairing-type-code-system-awardee"> </a>  
                  <a href="CodeSystem-pmipairing-type-code-system.html#pmipairing-type-code-system-awardee">awardee</a>
                </td>
                <td>Awardee</td>
                <td>Awardee Entity for participants</td>
              </tr>
              <tr>
                <td style="white-space:nowrap">
                  <a name="https---pmi-ops.org-fhir-CodeSystem-pmipairing-type-code-system-organization"> </a>  
                  <a href="CodeSystem-pmipairing-type-code-system.html#pmipairing-type-code-system-organization">organization</a>
                </td>
                <td>Organization</td>
                <td>Organization Entity for participants</td>
              </tr>
              <tr>
                <td style="white-space:nowrap">
                  <a name="https---pmi-ops.org-fhir-CodeSystem-pmipairing-type-code-system-site"> </a>  
                  <a href="CodeSystem-pmipairing-type-code-system.html#pmipairing-type-code-system-site">site</a>
                </td>
                <td>Site</td>
                <td>Site Entity for participants</td>
              </tr>
            </table>
          </div>
        </text>
        <url value="https://pmi-ops.org/fhir/ValueSet/pmipairing-type-codes"/>
        <version value="0.1.0"/>
        <name value="PMIPairingTypeCodes"/>
        <title value="PMI Pairing Type Codes"/>
        <status value="active"/>
        <date value="2022-03-30T15:49:01+00:00"/>
        <publisher value="Vibrent Health"/>
        <contact>
          <name value="Vibrent Health"/>
          <telecom>
            <system value="url"/>
            <value value="https://vibrenthealth.com"/>
          </telecom>
        </contact>
        <contact>
          <name value="Addy Naik"/>
          <telecom>
            <system value="email"/>
            <value value="anaik@vibrenthealth.com"/>
            <use value="work"/>
          </telecom>
        </contact>
        <contact>
          <name value="Daniel Uribe"/>
          <telecom>
            <system value="email"/>
            <value value="duribe@vibrenthealth.com"/>
            <use value="work"/>
          </telecom>
        </contact>
        <description value="Pairing Type Codes for identifying type of pairing entity"/>
        <expansion>
          <identifier value="urn:uuid:ae6ee1f1-70f1-4f31-900c-a87a42543b31"/>
          <timestamp value="2022-03-30T15:49:12+00:00"/>
          <total value="3"/>
          <parameter>
            <name value="excludeNested"/>
            <valueBoolean value="false"/>
          </parameter>
          <parameter>
            <name value="version"/>
            <valueUri value="https://pmi-ops.org/fhir/CodeSystem/pmipairing-type-code-system|0.1.0"/>
          </parameter>
          <contains>
            <system value="https://pmi-ops.org/fhir/CodeSystem/pmipairing-type-code-system"/>
            <code value="awardee"/>
            <display value="Awardee"/>
          </contains>
          <contains>
            <system value="https://pmi-ops.org/fhir/CodeSystem/pmipairing-type-code-system"/>
            <code value="organization"/>
            <display value="Organization"/>
          </contains>
          <contains>
            <system value="https://pmi-ops.org/fhir/CodeSystem/pmipairing-type-code-system"/>
            <code value="site"/>
            <display value="Site"/>
          </contains>
        </expansion>
      </ValueSet>
    </resource>
  </entry>
</Bundle>