<?xml version="1.0" encoding="UTF-8"?>

<Consent xmlns="http://hl7.org/fhir">
  <id value="PMIPrimaryConsent"/>
  <text>
    <status value="generated"/><div xmlns="http://www.w3.org/1999/xhtml"><p><b>Generated Narrative</b></p><div style="display: inline-block; background-color: #d9e0e7; padding: 6px; margin: 4px; border: 1px solid #8da1b4; border-radius: 5px; line-height: 60%"><p style="margin-bottom: 0px">Resource "PMIPrimaryConsent" </p></div><p><b>status</b>: active</p><p><b>scope</b>: Research <span style="background: LightGoldenRodYellow; margin: 4px; border: 1px solid khaki"> (<a href="http://terminology.hl7.org/3.1.0/CodeSystem-consentscope.html">Consent Scope Codes</a>#research)</span></p><p><b>category</b>: Research Information Access <span style="background: LightGoldenRodYellow; margin: 4px; border: 1px solid khaki"> (<a href="http://terminology.hl7.org/3.1.0/CodeSystem-consentcategorycodes.html">Consent Category Codes</a>#research)</span></p><p><b>policyRule</b>: Common Rule Informed Consent <span style="background: LightGoldenRodYellow; margin: 4px; border: 1px solid khaki"> (<a href="http://terminology.hl7.org/3.1.0/CodeSystem-consentpolicycodes.html">Consent PolicyRule Codes</a>#cric)</span></p></div>
  </text>
  <status value="active"/>
  <scope>
    <coding>
      <system value="http://terminology.hl7.org/CodeSystem/consentscope"/>
      <code value="research"/>
    </coding>
  </scope>
  <category>
    <coding>
      <system value="http://terminology.hl7.org/CodeSystem/consentcategorycodes"/>
      <code value="research"/>
    </coding>
  </category>
  <policyRule>
    <coding>
      <system value="http://terminology.hl7.org/CodeSystem/consentpolicycodes"/>
      <code value="cric"/>
    </coding>
  </policyRule>
</Consent>