<?xml version="1.0" encoding="UTF-8"?>

<ValueSet xmlns="http://hl7.org/fhir">
  <id value="pmi-pairing-type-codes"/>
  <text>
    <status value="generated"/><div xmlns="http://www.w3.org/1999/xhtml"><ul><li>Include all codes defined in <a href="CodeSystem-pmi-pairing-type-code-system.html"><code>https://pmi-ops.org/fhir/CodeSystem/pmi-pairing-type-code-system</code></a></li></ul></div>
  </text>
  <url value="https://pmi-ops.org/fhir/ValueSet/pmi-pairing-type-codes"/>
  <version value="0.1.0"/>
  <name value="PMIPairingTypeCodes"/>
  <title value="PMI Pairing Type Codes"/>
  <status value="active"/>
  <date value="2022-03-30T19:57:14+00:00"/>
  <publisher value="Vibrent Health"/>
  <contact>
    <name value="Vibrent Health"/>
    <telecom>
      <system value="url"/>
      <value value="https://vibrenthealth.com"/>
    </telecom>
  </contact>
  <contact>
    <name value="Addy Naik"/>
    <telecom>
      <system value="email"/>
      <value value="anaik@vibrenthealth.com"/>
      <use value="work"/>
    </telecom>
  </contact>
  <contact>
    <name value="Daniel Uribe"/>
    <telecom>
      <system value="email"/>
      <value value="duribe@vibrenthealth.com"/>
      <use value="work"/>
    </telecom>
  </contact>
  <description value="Pairing Type Codes for identifying type of pairing entity"/>
  <compose>
    <include>
      <system value="https://pmi-ops.org/fhir/CodeSystem/pmi-pairing-type-code-system"/>
    </include>
  </compose>
</ValueSet>