<?xml version="1.0" encoding="UTF-8"?><CodeSystem xmlns="http://hl7.org/fhir"><id value="pmiresearch-pairing-type-code-system"/><meta><versionId value="1"/></meta><text><status value="generated"/><div xmlns="http://www.w3.org/1999/xhtml"><p>This code system https://pmi-ops.org/fhir/CodeSystem/pmiresearch-pairing-type-code-system defines the following codes:</p><table class="codes"><tr><td style="white-space:nowrap"><b>Code</b></td><td><b>Display</b></td></tr><tr><td style="white-space:nowrap">awardee<a name="pmiresearch-pairing-type-code-system-awardee"> </a></td><td>Awardee</td></tr><tr><td style="white-space:nowrap">organization<a name="pmiresearch-pairing-type-code-system-organization"> </a></td><td>Organization</td></tr><tr><td style="white-space:nowrap">site<a name="pmiresearch-pairing-type-code-system-site"> </a></td><td>Site</td></tr></table></div></text><url value="https://pmi-ops.org/fhir/CodeSystem/pmiresearch-pairing-type-code-system"/><version value="0.1.0"/><name value="PMIResearchPairingTypeCodeSystem"/><title value="PMI Research Pairing Type CodeSystem"/><status value="active"/><date value="2022-03-29T01:42:38+00:00"/><publisher value="Vibrent Health"/><contact><name value="Vibrent Health"/><telecom><system value="url"/><value value="https://vibrenthealth.com"/></telecom></contact><contact><name value="Addy Naik"/><telecom><system value="email"/><value value="anaik@vibrenthealth.com"/><use value="work"/></telecom></contact><contact><name value="Daniel Uribe"/><telecom><system value="email"/><value value="duribe@vibrenthealth.com"/><use value="work"/></telecom></contact><description value="Pairing Type Codes"/><content value="complete"/><count value="3"/><concept><code value="awardee"/><display value="Awardee"/></concept><concept><code value="organization"/><display value="Organization"/></concept><concept><code value="site"/><display value="Site"/></concept></CodeSystem>