<?xml version="1.0" encoding="UTF-8"?><CodeSystem xmlns="http://hl7.org/fhir"><id value="PMIIdentifierTypeCS"/><text><status value="generated"/><div xmlns="http://www.w3.org/1999/xhtml"><p>This code system <code>https://pmi-fhir-ig.github.io/pmi-fhir-ig/CodeSystem/PMIIdentifierTypeCS</code> defines the following codes:</p><table class="codes"><tr><td style="white-space:nowrap"><b>Code</b></td><td><b>Display</b></td></tr><tr><td style="white-space:nowrap">NPH-1000<a name="PMIIdentifierTypeCS-NPH-1000"> </a></td><td>NPH Program Identifier for study 1000</td></tr></table></div></text><url value="https://pmi-fhir-ig.github.io/pmi-fhir-ig/CodeSystem/PMIIdentifierTypeCS"/><version value="0.1.1"/><name value="PMIIdentifierTypeCS"/><title value="PMI Identifier Type Code System"/><status value="active"/><experimental value="false"/><date value="2023-01-17T01:07:30+00:00"/><publisher value="Vibrent Health"/><contact><name value="Vibrent Health"/><telecom><system value="url"/><value value="https://vibrenthealth.com"/></telecom><telecom><system value="email"/><value value="anaik@vibrenthealth.com"/></telecom></contact><contact><name value="Addy Naik"/><telecom><system value="email"/><value value="anaik@vibrenthealth.com"/><use value="work"/></telecom></contact><contact><name value="Daniel Uribe"/><telecom><system value="email"/><value value="duribe@vibrenthealth.com"/><use value="work"/></telecom></contact><description value="Identifier types for the PMI Participant"/><caseSensitive value="true"/><content value="complete"/><count value="1"/><concept><code value="NPH-1000"/><display value="NPH Program Identifier for study 1000"/></concept></CodeSystem>