<?xml version="1.0" encoding="UTF-8"?><ImplementationGuide xmlns="http://hl7.org/fhir"><id value="fhir.us.pmi.ig"/><text><status value="extensions"/><div xmlns="http://www.w3.org/1999/xhtml"><h2>PMICoreIG</h2><p>The official URL for this implementation guide is: </p><pre>https://pmi-ops.org/fhir/ImplementationGuide/fhir.us.pmi.ig</pre></div></text><url value="https://pmi-ops.org/fhir/ImplementationGuide/fhir.us.pmi.ig"/><version value="0.1.0"/><name value="PMICoreIG"/><status value="draft"/><date value="2022-03-30T19:59:56+00:00"/><publisher value="Vibrent Health"/><contact><name value="Vibrent Health"/><telecom><system value="url"/><value value="https://vibrenthealth.com"/></telecom></contact><contact><name value="Addy Naik"/><telecom><system value="email"/><value value="anaik@vibrenthealth.com"/><use value="work"/></telecom></contact><contact><name value="Daniel Uribe"/><telecom><system value="email"/><value value="duribe@vibrenthealth.com"/><use value="work"/></telecom></contact><packageId value="fhir.us.pmi.ig"/><license value="CC0-1.0"/><fhirVersion value="4.0.1"/><definition><extension url="http://hl7.org/fhir/tools/StructureDefinition/ig-parameter"><extension url="code"><valueString value="copyrightyear"/></extension><extension url="value"><valueString value="2022+"/></extension></extension><extension url="http://hl7.org/fhir/tools/StructureDefinition/ig-parameter"><extension url="code"><valueString value="releaselabel"/></extension><extension url="value"><valueString value="ci-build"/></extension></extension><extension url="http://hl7.org/fhir/tools/StructureDefinition/ig-parameter"><extension url="code"><valueString value="propagate-status"/></extension><extension url="value"><valueString value="true"/></extension></extension><extension url="http://hl7.org/fhir/tools/StructureDefinition/ig-parameter"><extension url="code"><valueString value="show-inherited-invariants"/></extension><extension url="value"><valueString value="false"/></extension></extension><extension url="http://hl7.org/fhir/tools/StructureDefinition/ig-parameter"><extension url="code"><valueString value="excludettl"/></extension><extension url="value"><valueString value="true"/></extension></extension><extension url="http://hl7.org/fhir/tools/StructureDefinition/ig-parameter"><extension url="code"><valueString value="default-version"/></extension><extension url="value"><valueString value="true"/></extension></extension><extension url="http://hl7.org/fhir/tools/StructureDefinition/ig-parameter"><extension url="code"><valueString value="autoload-resources"/></extension><extension url="value"><valueString value="true"/></extension></extension><extension url="http://hl7.org/fhir/tools/StructureDefinition/ig-parameter"><extension url="code"><valueString value="path-liquid"/></extension><extension url="value"><valueString value="template/liquid"/></extension></extension><extension url="http://hl7.org/fhir/tools/StructureDefinition/ig-parameter"><extension url="code"><valueString value="path-liquid"/></extension><extension url="value"><valueString value="input/liquid"/></extension></extension><extension url="http://hl7.org/fhir/tools/StructureDefinition/ig-parameter"><extension url="code"><valueString value="path-qa"/></extension><extension url="value"><valueString value="temp/qa"/></extension></extension><extension url="http://hl7.org/fhir/tools/StructureDefinition/ig-parameter"><extension url="code"><valueString value="path-temp"/></extension><extension url="value"><valueString value="temp/pages"/></extension></extension><extension url="http://hl7.org/fhir/tools/StructureDefinition/ig-parameter"><extension url="code"><valueString value="path-output"/></extension><extension url="value"><valueString value="output"/></extension></extension><extension url="http://hl7.org/fhir/tools/StructureDefinition/ig-parameter"><extension url="code"><valueString value="path-suppressed-warnings"/></extension><extension url="value"><valueString value="input/ignoreWarnings.txt"/></extension></extension><extension url="http://hl7.org/fhir/tools/StructureDefinition/ig-parameter"><extension url="code"><valueString value="path-history"/></extension><extension url="value"><valueString value="https://pmi-ops.org/fhir/history.html"/></extension></extension><extension url="http://hl7.org/fhir/tools/StructureDefinition/ig-parameter"><extension url="code"><valueString value="template-html"/></extension><extension url="value"><valueString value="template-page.html"/></extension></extension><extension url="http://hl7.org/fhir/tools/StructureDefinition/ig-parameter"><extension url="code"><valueString value="template-md"/></extension><extension url="value"><valueString value="template-page-md.html"/></extension></extension><extension url="http://hl7.org/fhir/tools/StructureDefinition/ig-parameter"><extension url="code"><valueString value="apply-contact"/></extension><extension url="value"><valueString value="true"/></extension></extension><extension url="http://hl7.org/fhir/tools/StructureDefinition/ig-parameter"><extension url="code"><valueString value="apply-context"/></extension><extension url="value"><valueString value="true"/></extension></extension><extension url="http://hl7.org/fhir/tools/StructureDefinition/ig-parameter"><extension url="code"><valueString value="apply-copyright"/></extension><extension url="value"><valueString value="true"/></extension></extension><extension url="http://hl7.org/fhir/tools/StructureDefinition/ig-parameter"><extension url="code"><valueString value="apply-jurisdiction"/></extension><extension url="value"><valueString value="true"/></extension></extension><extension url="http://hl7.org/fhir/tools/StructureDefinition/ig-parameter"><extension url="code"><valueString value="apply-license"/></extension><extension url="value"><valueString value="true"/></extension></extension><extension url="http://hl7.org/fhir/tools/StructureDefinition/ig-parameter"><extension url="code"><valueString value="apply-publisher"/></extension><extension url="value"><valueString value="true"/></extension></extension><extension url="http://hl7.org/fhir/tools/StructureDefinition/ig-parameter"><extension url="code"><valueString value="apply-version"/></extension><extension url="value"><valueString value="true"/></extension></extension><extension url="http://hl7.org/fhir/tools/StructureDefinition/ig-parameter"><extension url="code"><valueString value="active-tables"/></extension><extension url="value"><valueString value="true"/></extension></extension><grouping id="-str-profile"><name value="Structures: Resource Profiles"/><description value="These define constraints on FHIR resources for systems conforming to this implementation guide"/></grouping><grouping id="-str-extension"><name value="Structures: Extension Definitions"/><description value="These define constraints on FHIR data types for systems conforming to this implementation guide"/></grouping><grouping id="-term-valueset"><name value="Terminology: Value Sets"/><description value="These define sets of codes used by systems conforming to this implementation guide"/></grouping><grouping id="-term-codesystem"><name value="Terminology: Code Systems"/><description value="These define new code systems used by systems conforming to this implementation guide"/></grouping><grouping id="-ex-example"><name value="Example: Example Instances"/><description value="These are example instances that show what data produced and consumed by systems conforming with this implementation guide might look like"/></grouping><resource><extension url="http://hl7.org/fhir/StructureDefinition/implementationguide-page"><valueUri value="StructureDefinition-pmi-patient.html"/></extension><reference><reference value="StructureDefinition/pmi-patient"/></reference><name value="PMI Patient"/><description value="Participant profile"/><exampleBoolean value="false"/><groupingId value="-str-profile"/></resource><resource><extension url="http://hl7.org/fhir/StructureDefinition/implementationguide-page"><valueUri value="StructureDefinition-pmi-research-subject.html"/></extension><reference><reference value="StructureDefinition/pmi-research-subject"/></reference><name value="PMI Research Subject"/><description value="Research Subject for PMI Program"/><exampleBoolean value="false"/><groupingId value="-str-profile"/></resource><resource><extension url="http://hl7.org/fhir/StructureDefinition/implementationguide-page"><valueUri value="StructureDefinition-pmi-pairing-entities.html"/></extension><reference><reference value="StructureDefinition/pmi-pairing-entities"/></reference><name value="PMI Pairing Entities"/><description value="Entities that Participant is paired with"/><exampleBoolean value="false"/><groupingId value="-str-extension"/></resource><resource><extension url="http://hl7.org/fhir/StructureDefinition/implementationguide-page"><valueUri value="StructureDefinition-pmi-pairing-entity-code.html"/></extension><reference><reference value="StructureDefinition/pmi-pairing-entity-code"/></reference><name value="PMI Pairing Entity Code"/><description value="Code for the entity that Participant is paired with"/><exampleBoolean value="false"/><groupingId value="-str-extension"/></resource><resource><extension url="http://hl7.org/fhir/StructureDefinition/implementationguide-page"><valueUri value="StructureDefinition-pmi-pairing-entity-name.html"/></extension><reference><reference value="StructureDefinition/pmi-pairing-entity-name"/></reference><name value="PMI Pairing Entity Name"/><description value="Name of the entity that Participant is paired with"/><exampleBoolean value="false"/><groupingId value="-str-extension"/></resource><resource><extension url="http://hl7.org/fhir/StructureDefinition/implementationguide-page"><valueUri value="StructureDefinition-pmi-pairing-entity-type.html"/></extension><reference><reference value="StructureDefinition/pmi-pairing-entity-type"/></reference><name value="PMI Research Pairing Organization Type"/><description value="Type of entity that Participant is paired with"/><exampleBoolean value="false"/><groupingId value="-str-extension"/></resource><resource><extension url="http://hl7.org/fhir/StructureDefinition/implementationguide-page"><valueUri value="StructureDefinition-pmi-verified.html"/></extension><reference><reference value="StructureDefinition/pmi-verified"/></reference><name value="PMI Verified"/><description value="Flag to indicate verified information"/><exampleBoolean value="false"/><groupingId value="-str-extension"/></resource><resource><extension url="http://hl7.org/fhir/StructureDefinition/implementationguide-page"><valueUri value="ValueSet-pmi-pairing-type-codes.html"/></extension><reference><reference value="ValueSet/pmi-pairing-type-codes"/></reference><name value="PMI Pairing Type Codes"/><description value="Pairing Type Codes for identifying type of pairing entity"/><exampleBoolean value="false"/><groupingId value="-term-valueset"/></resource><resource><extension url="http://hl7.org/fhir/StructureDefinition/implementationguide-page"><valueUri value="CodeSystem-pmi-pairing-type-code-system.html"/></extension><reference><reference value="CodeSystem/pmi-pairing-type-code-system"/></reference><name value="PMI Pairing Type CodeSystem"/><description value="Pairing Type CodeSystem for identifying type of pairing entity"/><exampleBoolean value="false"/><groupingId value="-term-codesystem"/></resource><resource><extension url="http://hl7.org/fhir/StructureDefinition/implementationguide-page"><valueUri value="ResearchStudy-PMI.html"/></extension><reference><reference value="ResearchStudy/PMI"/></reference><name value="Research Subject Active"/><description value="Participant who has completed primary consent and is active"/><exampleBoolean value="true"/><groupingId value="-ex-example"/></resource><resource><extension url="http://hl7.org/fhir/StructureDefinition/implementationguide-page"><valueUri value="Patient-PMIPatientWithName.html"/></extension><reference><reference value="Patient/PMIPatientWithName"/></reference><name value="PMI Patient With Name"/><description value="Participant patient record with name"/><exampleCanonical value="https://pmi-ops.org/fhir/StructureDefinition/pmi-patient"/><groupingId value="-ex-example"/></resource><resource><extension url="http://hl7.org/fhir/StructureDefinition/implementationguide-page"><valueUri value="Patient-PMIPatientWithPhoneAndEmail.html"/></extension><reference><reference value="Patient/PMIPatientWithPhoneAndEmail"/></reference><name value="PMI Patient With Phone And Email"/><description value="Participant patient record with phone and email records"/><exampleCanonical value="https://pmi-ops.org/fhir/StructureDefinition/pmi-patient"/><groupingId value="-ex-example"/></resource><resource><extension url="http://hl7.org/fhir/StructureDefinition/implementationguide-page"><valueUri value="Patient-PMIPatientWithSSN.html"/></extension><reference><reference value="Patient/PMIPatientWithSSN"/></reference><name value="PMI Patient With SSN"/><description value="Participant patient record with phone and email records"/><exampleCanonical value="https://pmi-ops.org/fhir/StructureDefinition/pmi-patient"/><groupingId value="-ex-example"/></resource><resource><extension url="http://hl7.org/fhir/StructureDefinition/implementationguide-page"><valueUri value="Consent-PMIPrimaryConsent.html"/></extension><reference><reference value="Consent/PMIPrimaryConsent"/></reference><name value="PMI Primary Consent"/><description value="Participants primary consent"/><exampleBoolean value="true"/><groupingId value="-ex-example"/></resource><resource><extension url="http://hl7.org/fhir/StructureDefinition/implementationguide-page"><valueUri value="ResearchSubject-ResearchSubjectActive.html"/></extension><reference><reference value="ResearchSubject/ResearchSubjectActive"/></reference><name value="Research Subject Active"/><description value="Participant who has completed primary consent and is active"/><exampleCanonical value="https://pmi-ops.org/fhir/StructureDefinition/pmi-research-subject"/><groupingId value="-ex-example"/></resource><page><nameUrl value="toc.html"/><title value="Table of Contents"/><generation value="html"/><page><nameUrl value="index.html"/><title value="Home"/><generation value="markdown"/></page><page><nameUrl value="artifacts.html"/><title value="Artifacts Summary"/><generation value="html"/><page><nameUrl value="StructureDefinition-pmi-patient.html"/><title value="PMI Patient"/><generation value="generated"/></page><page><nameUrl value="StructureDefinition-pmi-research-subject.html"/><title value="PMI Research Subject"/><generation value="generated"/></page><page><nameUrl value="StructureDefinition-pmi-pairing-entities.html"/><title value="PMI Pairing Entities"/><generation value="generated"/></page><page><nameUrl value="StructureDefinition-pmi-pairing-entity-code.html"/><title value="PMI Pairing Entity Code"/><generation value="generated"/></page><page><nameUrl value="StructureDefinition-pmi-pairing-entity-name.html"/><title value="PMI Pairing Entity Name"/><generation value="generated"/></page><page><nameUrl value="StructureDefinition-pmi-pairing-entity-type.html"/><title value="PMI Research Pairing Organization Type"/><generation value="generated"/></page><page><nameUrl value="StructureDefinition-pmi-verified.html"/><title value="PMI Verified"/><generation value="generated"/></page><page><nameUrl value="ValueSet-pmi-pairing-type-codes.html"/><title value="PMI Pairing Type Codes"/><generation value="generated"/></page><page><nameUrl value="CodeSystem-pmi-pairing-type-code-system.html"/><title value="PMI Pairing Type CodeSystem"/><generation value="generated"/></page><page><nameUrl value="ResearchStudy-PMI.html"/><title value="Research Subject Active"/><generation value="generated"/></page><page><nameUrl value="Patient-PMIPatientWithName.html"/><title value="PMI Patient With Name"/><generation value="generated"/></page><page><nameUrl value="Patient-PMIPatientWithPhoneAndEmail.html"/><title value="PMI Patient With Phone And Email"/><generation value="generated"/></page><page><nameUrl value="Patient-PMIPatientWithSSN.html"/><title value="PMI Patient With SSN"/><generation value="generated"/></page><page><nameUrl value="Consent-PMIPrimaryConsent.html"/><title value="PMI Primary Consent"/><generation value="generated"/></page><page><nameUrl value="ResearchSubject-ResearchSubjectActive.html"/><title value="Research Subject Active"/><generation value="generated"/></page></page></page><parameter><code value="path-resource"/><value value="input/capabilities"/></parameter><parameter><code value="path-resource"/><value value="input/examples"/></parameter><parameter><code value="path-resource"/><value value="input/extensions"/></parameter><parameter><code value="path-resource"/><value value="input/models"/></parameter><parameter><code value="path-resource"/><value value="input/operations"/></parameter><parameter><code value="path-resource"/><value value="input/profiles"/></parameter><parameter><code value="path-resource"/><value value="input/resources"/></parameter><parameter><code value="path-resource"/><value value="input/vocabulary"/></parameter><parameter><code value="path-resource"/><value value="input/maps"/></parameter><parameter><code value="path-resource"/><value value="input/testing"/></parameter><parameter><code value="path-resource"/><value value="input/history"/></parameter><parameter><code value="path-resource"/><value value="fsh-generated/resources"/></parameter><parameter><code value="path-pages"/><value value="template/config"/></parameter><parameter><code value="path-pages"/><value value="input/images"/></parameter><parameter><code value="path-tx-cache"/><value value="input-cache/txcache"/></parameter></definition></ImplementationGuide>