<?xml version="1.0" encoding="UTF-8"?><ValueSet xmlns="http://hl7.org/fhir"><id value="PMIRelationshipTypeVS"/><text><status value="generated"/><div xmlns="http://www.w3.org/1999/xhtml"><ul><li>Include all codes defined in <a href="CodeSystem-PMIRelationshipTypeCS.html"><code>https://pmi-fhir-ig.github.io/pmi-fhir-ig/CodeSystem/PMIRelationshipTypeCS</code></a></li></ul></div></text><url value="https://pmi-fhir-ig.github.io/pmi-fhir-ig/ValueSet/PMIRelationshipTypeVS"/><version value="0.1.1"/><name value="PMIRelationshipTypeVS"/><title value="PMI Relationship Type ValueSet"/><status value="active"/><experimental value="false"/><date value="2023-01-17T01:07:30+00:00"/><publisher value="Vibrent Health"/><contact><name value="Vibrent Health"/><telecom><system value="url"/><value value="https://vibrenthealth.com"/></telecom><telecom><system value="email"/><value value="anaik@vibrenthealth.com"/></telecom></contact><contact><name value="Addy Naik"/><telecom><system value="email"/><value value="anaik@vibrenthealth.com"/><use value="work"/></telecom></contact><contact><name value="Daniel Uribe"/><telecom><system value="email"/><value value="duribe@vibrenthealth.com"/><use value="work"/></telecom></contact><description value="Relationship types for the PMI Participant"/><compose><include><system value="https://pmi-fhir-ig.github.io/pmi-fhir-ig/CodeSystem/PMIRelationshipTypeCS"/></include></compose></ValueSet>