[
  {
    "id": "fhir.us.pmi.ig",
    "type": "ImplementationGuide",
    "url": "https://pmi-ops.org/fhir/ImplementationGuide/fhir.us.pmi.ig",
    "version": "0.1.0",
    "name": "PMICoreIG"
  },
  {
    "id": "pmi-patient",
    "type": "StructureDefinition",
    "url": "https://pmi-ops.org/fhir/StructureDefinition/pmi-patient",
    "version": "0.1.0",
    "name": "PMIPatient"
  },
  {
    "id": "pmi-verified",
    "type": "StructureDefinition",
    "url": "https://pmi-ops.org/fhir/StructureDefinition/pmi-verified",
    "version": "0.1.0",
    "name": "PMIVerified"
  }
]