[
  {
    "id": "pmipairing-type-code-system",
    "type": "CodeSystem",
    "url": "https://pmi-ops.org/fhir/CodeSystem/pmipairing-type-code-system",
    "version": "0.1.0",
    "name": "PMIPairingTypeCodeSystem"
  },
  {
    "id": "fhir.us.pmi.ig",
    "type": "ImplementationGuide",
    "url": "https://pmi-ops.org/fhir/ImplementationGuide/fhir.us.pmi.ig",
    "version": "0.1.0",
    "name": "PMICoreIG"
  },
  {
    "id": "pmi-patient",
    "type": "StructureDefinition",
    "url": "https://pmi-ops.org/fhir/StructureDefinition/pmi-patient",
    "version": "0.1.0",
    "name": "PMIPatient"
  },
  {
    "id": "pmipairing-entities",
    "type": "StructureDefinition",
    "url": "https://pmi-ops.org/fhir/StructureDefinition/pmipairing-entities",
    "version": "0.1.0",
    "name": "PMIPairingEntities"
  },
  {
    "id": "pmipairing-entity-code",
    "type": "StructureDefinition",
    "url": "https://pmi-ops.org/fhir/StructureDefinition/pmipairing-entity-code",
    "version": "0.1.0",
    "name": "PMIPairingEntityCode"
  },
  {
    "id": "pmipairing-entity-name",
    "type": "StructureDefinition",
    "url": "https://pmi-ops.org/fhir/StructureDefinition/pmipairing-entity-name",
    "version": "0.1.0",
    "name": "PMIPairingEntityName"
  },
  {
    "id": "pmipairing-entity-type",
    "type": "StructureDefinition",
    "url": "https://pmi-ops.org/fhir/StructureDefinition/pmipairing-entity-type",
    "version": "0.1.0",
    "name": "PMIPairingEntityType"
  },
  {
    "id": "pmiresearch-subject",
    "type": "StructureDefinition",
    "url": "https://pmi-ops.org/fhir/StructureDefinition/pmiresearch-subject",
    "version": "0.1.0",
    "name": "PMIResearchSubject"
  },
  {
    "id": "pmipairing-type-codes",
    "type": "ValueSet",
    "url": "https://pmi-ops.org/fhir/ValueSet/pmipairing-type-codes",
    "version": "0.1.0",
    "name": "PMIPairingTypeCodes"
  }
]