<?xml version="1.0" encoding="UTF-8"?>

<CodeSystem xmlns="http://hl7.org/fhir">
  <id value="pmi-pairing-type-code-system"/>
  <meta>
    <versionId value="1"/>
  </meta>
  <text>
    <status value="generated"/><div xmlns="http://www.w3.org/1999/xhtml"><p>This code system https://pmi-ops.org/fhir/CodeSystem/pmi-pairing-type-code-system defines the following codes:</p><table class="codes"><tr><td style="white-space:nowrap"><b>Code</b></td><td><b>Display</b></td><td><b>Definition</b></td></tr><tr><td style="white-space:nowrap">awardee<a name="pmi-pairing-type-code-system-awardee"> </a></td><td>Awardee</td><td>Awardee Entity for participants</td></tr><tr><td style="white-space:nowrap">organization<a name="pmi-pairing-type-code-system-organization"> </a></td><td>Organization</td><td>Organization Entity for participants</td></tr><tr><td style="white-space:nowrap">site<a name="pmi-pairing-type-code-system-site"> </a></td><td>Site</td><td>Site Entity for participants</td></tr></table></div>
  </text>
  <url value="https://pmi-ops.org/fhir/CodeSystem/pmi-pairing-type-code-system"/>
  <version value="0.1.0"/>
  <name value="PMIPairingTypeCodeSystem"/>
  <title value="PMI Pairing Type CodeSystem"/>
  <status value="active"/>
  <date value="2022-03-30T20:37:56+00:00"/>
  <publisher value="Vibrent Health"/>
  <contact>
    <name value="Vibrent Health"/>
    <telecom>
      <system value="url"/>
      <value value="https://vibrenthealth.com"/>
    </telecom>
  </contact>
  <contact>
    <name value="Addy Naik"/>
    <telecom>
      <system value="email"/>
      <value value="anaik@vibrenthealth.com"/>
      <use value="work"/>
    </telecom>
  </contact>
  <contact>
    <name value="Daniel Uribe"/>
    <telecom>
      <system value="email"/>
      <value value="duribe@vibrenthealth.com"/>
      <use value="work"/>
    </telecom>
  </contact>
  <description value="Pairing Type CodeSystem for identifying type of pairing entity"/>
  <caseSensitive value="false"/>
  <content value="complete"/>
  <count value="3"/>
  <concept>
    <code value="awardee"/>
    <display value="Awardee"/>
    <definition value="Awardee Entity for participants"/>
  </concept>
  <concept>
    <code value="organization"/>
    <display value="Organization"/>
    <definition value="Organization Entity for participants"/>
  </concept>
  <concept>
    <code value="site"/>
    <display value="Site"/>
    <definition value="Site Entity for participants"/>
  </concept>
</CodeSystem>