<?xml version="1.0" encoding="UTF-8"?>

<Bundle xmlns="http://hl7.org/fhir">
  <id value="7ebfdfa5-0372-4f6f-aaf6-6e2cb2ef1e30"/>
  <meta>
    <lastUpdated value="2023-01-17T01:07:30.944+00:00"/>
  </meta>
  <type value="collection"/>
  <entry>
    <fullUrl value="https://pmi-fhir-ig.github.io/pmi-fhir-ig/ValueSet/PMIIdentifierTypeVS"/>
    <resource>
      <ValueSet>
        <id value="PMIIdentifierTypeVS"/>
        <text>
          <status value="generated"/>
          <div xmlns="http://www.w3.org/1999/xhtml">
            <p>This value set contains 2 concepts</p>
            <div style="border: black 1px dotted; background-color: #EEEEEE; padding: 8px; margin-bottom: 8px">
              <p>Expansion based on: </p>
              <ul>
                <li>
                  <a href="CodeSystem-PMIIdentifierTypeCS.html">PMI Identifier Type Code System v0.1.1 (CodeSystem)</a>
                </li>
                <li>
                  <a href="http://terminology.hl7.org/5.0.0/CodeSystem-v2-0203.html">identifierType v2.9.0 (CodeSystem)</a>
                </li>
              </ul>
            </div>
            <table class="codes">
              <tr>
                <td style="white-space:nowrap">
                  <b>Code</b>
                </td>
                <td>
                  <b>System</b>
                </td>
                <td>
                  <b>Display</b>
                </td>
                <td>
                  <b>Definition</b>
                </td>
              </tr>
              <tr>
                <td style="white-space:nowrap">
                  <a name="http---terminology.hl7.org-CodeSystem-v2-0203-SS"> </a>  
                  <a href="http://terminology.hl7.org/5.0.0/CodeSystem-v2-0203.html#v2-0203-SS">SS</a>
                </td>
                <td>http://terminology.hl7.org/CodeSystem/v2-0203</td>
                <td>Social Security number</td>
                <td>
                  <div>
                    <p>Social Security number</p>

                  </div>
                </td>
              </tr>
              <tr>
                <td style="white-space:nowrap">
                  <a name="https---pmi-fhir-ig.github.io-pmi-fhir-ig-CodeSystem-PMIIdentifierTypeCS-NPH-1000"> </a>  
                  <a href="CodeSystem-PMIIdentifierTypeCS.html#PMIIdentifierTypeCS-NPH-1000">NPH-1000</a>
                </td>
                <td>https://pmi-fhir-ig.github.io/pmi-fhir-ig/CodeSystem/PMIIdentifierTypeCS</td>
                <td>NPH Program Identifier for study 1000</td>
                <td>
                  <div/>
                </td>
              </tr>
            </table>
          </div>
        </text>
        <url value="https://pmi-fhir-ig.github.io/pmi-fhir-ig/ValueSet/PMIIdentifierTypeVS"/>
        <version value="0.1.1"/>
        <name value="PMIIdentifierTypeVS"/>
        <title value="PMI Identifier Type ValueSet"/>
        <status value="active"/>
        <experimental value="false"/>
        <date value="2023-01-17T01:07:30+00:00"/>
        <publisher value="Vibrent Health"/>
        <contact>
          <name value="Vibrent Health"/>
          <telecom>
            <system value="url"/>
            <value value="https://vibrenthealth.com"/>
          </telecom>
          <telecom>
            <system value="email"/>
            <value value="anaik@vibrenthealth.com"/>
          </telecom>
        </contact>
        <contact>
          <name value="Addy Naik"/>
          <telecom>
            <system value="email"/>
            <value value="anaik@vibrenthealth.com"/>
            <use value="work"/>
          </telecom>
        </contact>
        <contact>
          <name value="Daniel Uribe"/>
          <telecom>
            <system value="email"/>
            <value value="duribe@vibrenthealth.com"/>
            <use value="work"/>
          </telecom>
        </contact>
        <description value="Identifier types for the PMI Participant"/>
        <expansion>
          <identifier value="urn:uuid:6ac0b8ee-52a2-4793-80ad-b26c963fdb7f"/>
          <timestamp value="2023-01-17T01:07:43+00:00"/>
          <total value="2"/>
          <parameter>
            <name value="excludeNested"/>
            <valueBoolean value="false"/>
          </parameter>
          <parameter>
            <name value="version"/>
            <valueUri value="http://terminology.hl7.org/CodeSystem/v2-0203|2.9.0"/>
          </parameter>
          <parameter>
            <name value="version"/>
            <valueUri value="https://pmi-fhir-ig.github.io/pmi-fhir-ig/CodeSystem/PMIIdentifierTypeCS|0.1.1"/>
          </parameter>
          <contains>
            <system value="http://terminology.hl7.org/CodeSystem/v2-0203"/>
            <code value="SS"/>
            <display value="Social Security number"/>
          </contains>
          <contains>
            <system value="https://pmi-fhir-ig.github.io/pmi-fhir-ig/CodeSystem/PMIIdentifierTypeCS"/>
            <code value="NPH-1000"/>
            <display value="NPH Program Identifier for study 1000"/>
          </contains>
        </expansion>
      </ValueSet>
    </resource>
  </entry>
  <entry>
    <fullUrl value="https://pmi-fhir-ig.github.io/pmi-fhir-ig/ValueSet/PMIRelationshipTypeVS"/>
    <resource>
      <ValueSet>
        <id value="PMIRelationshipTypeVS"/>
        <text>
          <status value="generated"/>
          <div xmlns="http://www.w3.org/1999/xhtml">
            <p>This value set contains 6 concepts</p>
            <p style="border: black 1px dotted; background-color: #EEEEEE; padding: 8px; margin-bottom: 8px">Expansion based on 
              <a href="CodeSystem-PMIRelationshipTypeCS.html">PMI Relationship Type Code System v0.1.1 (CodeSystem)</a>
            </p>
            <table class="codes">
              <tr>
                <td style="white-space:nowrap">
                  <b>Code</b>
                </td>
                <td>
                  <b>System</b>
                </td>
                <td>
                  <b>Display</b>
                </td>
              </tr>
              <tr>
                <td style="white-space:nowrap">
                  <a name="https---pmi-fhir-ig.github.io-pmi-fhir-ig-CodeSystem-PMIRelationshipTypeCS-spouse"> </a>  
                  <a href="CodeSystem-PMIRelationshipTypeCS.html#PMIRelationshipTypeCS-spouse">spouse</a>
                </td>
                <td>https://pmi-fhir-ig.github.io/pmi-fhir-ig/CodeSystem/PMIRelationshipTypeCS</td>
                <td>Spouse or Partner</td>
              </tr>
              <tr>
                <td style="white-space:nowrap">
                  <a name="https---pmi-fhir-ig.github.io-pmi-fhir-ig-CodeSystem-PMIRelationshipTypeCS-friend"> </a>  
                  <a href="CodeSystem-PMIRelationshipTypeCS.html#PMIRelationshipTypeCS-friend">friend</a>
                </td>
                <td>https://pmi-fhir-ig.github.io/pmi-fhir-ig/CodeSystem/PMIRelationshipTypeCS</td>
                <td>Friend</td>
              </tr>
              <tr>
                <td style="white-space:nowrap">
                  <a name="https---pmi-fhir-ig.github.io-pmi-fhir-ig-CodeSystem-PMIRelationshipTypeCS-parent"> </a>  
                  <a href="CodeSystem-PMIRelationshipTypeCS.html#PMIRelationshipTypeCS-parent">parent</a>
                </td>
                <td>https://pmi-fhir-ig.github.io/pmi-fhir-ig/CodeSystem/PMIRelationshipTypeCS</td>
                <td>Parent or Guardian</td>
              </tr>
              <tr>
                <td style="white-space:nowrap">
                  <a name="https---pmi-fhir-ig.github.io-pmi-fhir-ig-CodeSystem-PMIRelationshipTypeCS-child"> </a>  
                  <a href="CodeSystem-PMIRelationshipTypeCS.html#PMIRelationshipTypeCS-child">child</a>
                </td>
                <td>https://pmi-fhir-ig.github.io/pmi-fhir-ig/CodeSystem/PMIRelationshipTypeCS</td>
                <td>Child</td>
              </tr>
              <tr>
                <td style="white-space:nowrap">
                  <a name="https---pmi-fhir-ig.github.io-pmi-fhir-ig-CodeSystem-PMIRelationshipTypeCS-relative"> </a>  
                  <a href="CodeSystem-PMIRelationshipTypeCS.html#PMIRelationshipTypeCS-relative">relative</a>
                </td>
                <td>https://pmi-fhir-ig.github.io/pmi-fhir-ig/CodeSystem/PMIRelationshipTypeCS</td>
                <td>Relative</td>
              </tr>
              <tr>
                <td style="white-space:nowrap">
                  <a name="https---pmi-fhir-ig.github.io-pmi-fhir-ig-CodeSystem-PMIRelationshipTypeCS-other"> </a>  
                  <a href="CodeSystem-PMIRelationshipTypeCS.html#PMIRelationshipTypeCS-other">other</a>
                </td>
                <td>https://pmi-fhir-ig.github.io/pmi-fhir-ig/CodeSystem/PMIRelationshipTypeCS</td>
                <td>Relative</td>
              </tr>
            </table>
          </div>
        </text>
        <url value="https://pmi-fhir-ig.github.io/pmi-fhir-ig/ValueSet/PMIRelationshipTypeVS"/>
        <version value="0.1.1"/>
        <name value="PMIRelationshipTypeVS"/>
        <title value="PMI Relationship Type ValueSet"/>
        <status value="active"/>
        <experimental value="false"/>
        <date value="2023-01-17T01:07:30+00:00"/>
        <publisher value="Vibrent Health"/>
        <contact>
          <name value="Vibrent Health"/>
          <telecom>
            <system value="url"/>
            <value value="https://vibrenthealth.com"/>
          </telecom>
          <telecom>
            <system value="email"/>
            <value value="anaik@vibrenthealth.com"/>
          </telecom>
        </contact>
        <contact>
          <name value="Addy Naik"/>
          <telecom>
            <system value="email"/>
            <value value="anaik@vibrenthealth.com"/>
            <use value="work"/>
          </telecom>
        </contact>
        <contact>
          <name value="Daniel Uribe"/>
          <telecom>
            <system value="email"/>
            <value value="duribe@vibrenthealth.com"/>
            <use value="work"/>
          </telecom>
        </contact>
        <description value="Relationship types for the PMI Participant"/>
        <expansion>
          <identifier value="urn:uuid:110b1ff4-52a2-411f-9a5d-867a4539f559"/>
          <timestamp value="2023-01-17T01:07:48+00:00"/>
          <total value="6"/>
          <parameter>
            <name value="excludeNested"/>
            <valueBoolean value="false"/>
          </parameter>
          <parameter>
            <name value="version"/>
            <valueUri value="https://pmi-fhir-ig.github.io/pmi-fhir-ig/CodeSystem/PMIRelationshipTypeCS|0.1.1"/>
          </parameter>
          <contains>
            <system value="https://pmi-fhir-ig.github.io/pmi-fhir-ig/CodeSystem/PMIRelationshipTypeCS"/>
            <code value="spouse"/>
            <display value="Spouse or Partner"/>
          </contains>
          <contains>
            <system value="https://pmi-fhir-ig.github.io/pmi-fhir-ig/CodeSystem/PMIRelationshipTypeCS"/>
            <code value="friend"/>
            <display value="Friend"/>
          </contains>
          <contains>
            <system value="https://pmi-fhir-ig.github.io/pmi-fhir-ig/CodeSystem/PMIRelationshipTypeCS"/>
            <code value="parent"/>
            <display value="Parent or Guardian"/>
          </contains>
          <contains>
            <system value="https://pmi-fhir-ig.github.io/pmi-fhir-ig/CodeSystem/PMIRelationshipTypeCS"/>
            <code value="child"/>
            <display value="Child"/>
          </contains>
          <contains>
            <system value="https://pmi-fhir-ig.github.io/pmi-fhir-ig/CodeSystem/PMIRelationshipTypeCS"/>
            <code value="relative"/>
            <display value="Relative"/>
          </contains>
          <contains>
            <system value="https://pmi-fhir-ig.github.io/pmi-fhir-ig/CodeSystem/PMIRelationshipTypeCS"/>
            <code value="other"/>
            <display value="Relative"/>
          </contains>
        </expansion>
      </ValueSet>
    </resource>
  </entry>
</Bundle>