{
  "resourceType" : "Organization",
  "id" : "PMICATIAuthorExample",
  "text" : {
    "status" : "generated",
    "div" : "<div xmlns=\"http://www.w3.org/1999/xhtml\"><p><b>Generated Narrative: Organization</b><a name=\"PMICATIAuthorExample\"> </a></p><div style=\"display: inline-block; background-color: #d9e0e7; padding: 6px; margin: 4px; border: 1px solid #8da1b4; border-radius: 5px; line-height: 60%\"><p style=\"margin-bottom: 0px\">Resource Organization &quot;PMICATIAuthorExample&quot; </p></div><p><b>name</b>: PTSC</p><h3>Contacts</h3><table class=\"grid\"><tr><td>-</td><td><b>Telecom</b></td></tr><tr><td>*</td><td><a href=\"mailto:cati-user@example.org\">cati-user@example.org</a></td></tr></table></div>"
  },
  "name" : "PTSC",
  "contact" : [{
    "telecom" : [{
      "system" : "email",
      "value" : "cati-user@example.org"
    }]
  }]
}