{
  "resourceType": "Patient",
  "id": "P128829101",
  "meta": {
    "source": "#patient-provenance",
    "profile": [
      "https://pmi-ops.org/fhir/StructureDefinition/pmi-patient"
    ]
  },
  "text": {
    "status": "generated",
    "div": "<div xmlns=\"http://www.w3.org/1999/xhtml\"><p style=\"border: 1px #661aff solid; background-color: #e6e6ff; padding: 10px;\"><b>Anonymous Patient</b> (no stated gender), DoB Unknown</p><hr/><table class=\"grid\"><tr><td style=\"background-color: #f3f5da\" title=\"Ways to contact the Patient\">Contact Details:</td><td colspan=\"3\"><ul><li>ph: 2405553920(HOME)</li><li>ph: 2405553920(HOME)</li><li><a href=\"mailto:patient@example.org\">patient@example.org</a></li></ul></td></tr></table></div>"
  },
  "contained": [
    {
      "resourceType": "Provenance",
      "id": "patient-provenance",
      "target": [
        {
          "reference": "Patient/P128829100"
        }
      ],
      "recorded": "2015-02-07T13:28:17.239+02:00",
      "agent": [
        {
          "type": {
            "coding": [
              {
                "system": "http://terminology.hl7.org/CodeSystem/provenance-participant-type",
                "code": "author"
              }
            ]
          },
          "who": {
            "reference": "Patient/P128829100"
          }
        }
      ]
    }
  ],
  "telecom": [
    {
      "system": "phone",
      "value": "2405553920",
      "use": "home"
    },
    {
      "extension": [
        {
          "url": "https://pmi-ops.org/fhir/StructureDefinition/pmi-verified",
          "valueBoolean": true
        }
      ],
      "system": "phone",
      "value": "2405553920",
      "use": "home"
    },
    {
      "extension": [
        {
          "url": "https://pmi-ops.org/fhir/StructureDefinition/pmi-verified",
          "valueBoolean": true
        }
      ],
      "system": "email",
      "value": "patient@example.org",
      "use": "home"
    }
  ]
}