<?xml version="1.0" encoding="UTF-8"?>

<Patient xmlns="http://hl7.org/fhir">
  <id value="P128829102"/>
  <meta>
    <source value="#patient-provenance"/>
    <profile value="https://pmi-ops.org/fhir/StructureDefinition/pmi-patient"/>
  </meta>
  <text>
    <status value="generated"/><div xmlns="http://www.w3.org/1999/xhtml"><p style="border: 1px #661aff solid; background-color: #e6e6ff; padding: 10px;"><b>Anonymous Patient</b> (no stated gender), DoB Unknown ( Social Security number: 578448930(use: OFFICIAL))</p><hr/></div>
  </text>
  <contained>
    <Provenance>
      <id value="patient-provenance"/>
      <target>
        <reference value="Patient/P128829100"/>
      </target>
      <recorded value="2015-02-07T13:28:17.239+02:00"/>
      <agent>
        <type>
          <coding>
            <system value="http://terminology.hl7.org/CodeSystem/provenance-participant-type"/>
            <code value="author"/>
          </coding>
        </type>
        <who>
          <reference value="Patient/P128829100"/>
        </who>
      </agent>
    </Provenance>
  </contained>
  <identifier>
    <use value="official"/>
    <type>
      <coding>
        <system value="http://terminology.hl7.org/CodeSystem/v2-0203"/>
        <code value="SS"/>
      </coding>
    </type>
    <system value="http://hl7.org/fhir/sid/us-ssn"/>
    <value value="578448930"/>
  </identifier>
</Patient>