<?xml version="1.0" encoding="UTF-8"?>

<Patient xmlns="http://hl7.org/fhir">
  <id value="P128829103"/>
  <meta>
    <source value="#cati-provenance"/>
    <profile value="https://pmi-fhir-ig.github.io/pmi-fhir-ig/StructureDefinition/pmi-patient"/>
  </meta>
  <text>
    <status value="generated"/><div xmlns="http://www.w3.org/1999/xhtml"><p style="border: 1px #661aff solid; background-color: #e6e6ff; padding: 10px;"><b>James Emily Bond </b> (no stated gender), DoB Unknown</p><hr/></div>
  </text>
  <contained>
    <Provenance>
      <id value="cati-provenance"/>
      <target>
        <reference value="Patient/P128829103"/>
      </target>
      <recorded value="2015-02-07T13:28:17.239+02:00"/>
      <agent>
        <type>
          <coding>
            <system value="http://terminology.hl7.org/CodeSystem/provenance-participant-type"/>
            <code value="author"/>
          </coding>
        </type>
        <who>
          <reference value="#cati-author"/>
        </who>
      </agent>
    </Provenance>
  </contained>
  <contained>
    <Organization>
      <id value="cati-author"/>
      <name value="PTSC"/>
      <contact>
        <telecom>
          <system value="email"/>
          <value value="cati-user@example.org"/>
        </telecom>
      </contact>
    </Organization>
  </contained>
  <name>
    <family value="Bond"/>
    <given value="James"/>
    <given value="Emily"/>
  </name>
</Patient>