{
  "resourceType" : "Patient",
  "id" : "P128829100",
  "meta" : {
    "source" : "#PMIParticipantProvenanceExample",
    "profile" : ["https://pmi-fhir-ig.github.io/pmi-fhir-ig/StructureDefinition/pmi-patient"]
  },
  "text" : {
    "status" : "generated",
    "div" : "<div xmlns=\"http://www.w3.org/1999/xhtml\"><p style=\"border: 1px #661aff solid; background-color: #e6e6ff; padding: 10px;\"><b>James Emily Bond (OFFICIAL)</b> (no stated gender), DoB: 1905-08-23 ( Social Security number: 578448930 (use: OFFICIAL))</p><hr/><table class=\"grid\"><tr><td style=\"background-color: #f3f5da\" title=\"Alternate names (see the one above)\">Alt. Name:</td><td colspan=\"3\">Jim (NICKNAME)</td></tr><tr><td style=\"background-color: #f3f5da\" title=\"Ways to contact the Patient\">Contact Details:</td><td colspan=\"3\"><ul><li>ph: 2405553920(HOME)</li><li>ph: 2405553920(HOME)</li><li><a href=\"mailto:patient@example.org\">patient@example.org</a></li><li>4114 Legato Rd Fairafx VA 22033 US (HOME)</li></ul></td></tr><tr><td style=\"background-color: #f3f5da\" title=\"Languages spoken\">Language:</td><td colspan=\"3\"><span title=\"Codes: {urn:ietf:bcp:47 es}\">Spanish</span> (preferred)</td></tr><tr><td style=\"background-color: #f3f5da\" title=\"Patient contact\">Contact</td><td colspan=\"3\"><ul><li>Moneypenny (NICKNAME)</li><li>4114 Legato Rd Fairafx VA 22033 US </li><li>ph: 2405553920(HOME)</li></ul></td></tr></table></div>"
  },
  "contained" : [{
    "resourceType" : "Provenance",
    "id" : "PMIParticipantProvenanceExample",
    "meta" : {
      "profile" : ["https://pmi-fhir-ig.github.io/pmi-fhir-ig/StructureDefinition/pmi-provenance"]
    },
    "target" : [{
      "reference" : "Patient/P128829100"
    }],
    "recorded" : "2015-02-07T13:28:17.239+02:00",
    "agent" : [{
      "type" : {
        "coding" : [{
          "system" : "http://terminology.hl7.org/CodeSystem/provenance-participant-type",
          "code" : "author"
        }]
      },
      "who" : {
        "reference" : "Patient/P128829100"
      }
    }]
  }],
  "identifier" : [{
    "use" : "official",
    "type" : {
      "coding" : [{
        "system" : "http://terminology.hl7.org/CodeSystem/v2-0203",
        "code" : "SS"
      }]
    },
    "system" : "http://hl7.org/fhir/sid/us-ssn",
    "value" : "578448930"
  }],
  "name" : [{
    "use" : "official",
    "family" : "Bond",
    "given" : ["James",
    "Emily"]
  },
  {
    "use" : "nickname",
    "given" : ["Jim"]
  }],
  "telecom" : [{
    "system" : "phone",
    "value" : "2405553920",
    "use" : "home"
  },
  {
    "extension" : [{
      "url" : "https://pmi-fhir-ig.github.io/pmi-fhir-ig/StructureDefinition/pmi-verified",
      "valueBoolean" : true
    }],
    "system" : "phone",
    "value" : "2405553920",
    "use" : "home"
  },
  {
    "extension" : [{
      "url" : "https://pmi-fhir-ig.github.io/pmi-fhir-ig/StructureDefinition/pmi-verified",
      "valueBoolean" : true
    }],
    "system" : "email",
    "value" : "patient@example.org",
    "use" : "home"
  }],
  "birthDate" : "1905-08-23",
  "address" : [{
    "use" : "home",
    "type" : "physical",
    "line" : ["4114 Legato Rd"],
    "city" : "Fairafx",
    "state" : "VA",
    "postalCode" : "22033",
    "country" : "US"
  }],
  "contact" : [{
    "name" : {
      "use" : "nickname",
      "given" : ["Moneypenny"]
    },
    "telecom" : [{
      "system" : "phone",
      "value" : "2405553920",
      "use" : "home"
    }],
    "address" : {
      "type" : "physical",
      "line" : ["4114 Legato Rd"],
      "city" : "Fairafx",
      "state" : "VA",
      "postalCode" : "22033",
      "country" : "US"
    }
  }],
  "communication" : [{
    "language" : {
      "coding" : [{
        "system" : "urn:ietf:bcp:47",
        "code" : "es"
      }]
    },
    "preferred" : true
  }]
}