{
  "resourceType" : "Patient",
  "id" : "P128829102",
  "meta" : {
    "source" : "#PMIParticipantProvenanceExample",
    "profile" : ["https://pmi-fhir-ig.github.io/pmi-fhir-ig/StructureDefinition/pmi-patient"]
  },
  "text" : {
    "status" : "generated",
    "div" : "<div xmlns=\"http://www.w3.org/1999/xhtml\"><p style=\"border: 1px #661aff solid; background-color: #e6e6ff; padding: 10px;\"><b>Anonymous Patient</b> (no stated gender), DoB Unknown ( NPH Program Identifier for study 1000: 1000578448930 (use: OFFICIAL))</p><hr/></div>"
  },
  "contained" : [{
    "resourceType" : "Provenance",
    "id" : "PMIParticipantProvenanceExample",
    "meta" : {
      "profile" : ["https://pmi-fhir-ig.github.io/pmi-fhir-ig/StructureDefinition/pmi-provenance"]
    },
    "target" : [{
      "reference" : "Patient/P128829100"
    }],
    "recorded" : "2015-02-07T13:28:17.239+02:00",
    "agent" : [{
      "type" : {
        "coding" : [{
          "system" : "http://terminology.hl7.org/CodeSystem/provenance-participant-type",
          "code" : "author"
        }]
      },
      "who" : {
        "reference" : "Patient/P128829100"
      }
    }]
  }],
  "identifier" : [{
    "use" : "official",
    "type" : {
      "coding" : [{
        "system" : "https://pmi-fhir-ig.github.io/pmi-fhir-ig/CodeSystem/PMIIdentifierTypeCS",
        "code" : "NPH-1000"
      }]
    },
    "value" : "1000578448930"
  }]
}