<?xml version="1.0" encoding="UTF-8"?>

<Patient xmlns="http://hl7.org/fhir">
  <id value="PMIPatientWithTimezone"/>
  <meta>
    <profile value="https://pmi-ops.org/fhir/StructureDefinition/pmi-patient"/>
  </meta>
  <text>
    <status value="generated"/><div xmlns="http://www.w3.org/1999/xhtml"><p><b>James Emily Bond </b> (no stated gender), DoB Unknown</p></div>
  </text>
  <extension url="https://pmi-ops.org/fhir/StructureDefinition/pmi-timezone">
    <valueCode value="America/Los_Angeles"/>
  </extension>
  <name>
    <family value="Bond"/>
    <given value="James"/>
    <given value="Emily"/>
  </name>
</Patient>