{
  "resourceType": "Patient",
  "id": "PMIPatientWithSSN",
  "meta": {
    "profile": [
      "https://pmi-ops.org/fhir/StructureDefinition/pmi-patient"
    ]
  },
  "text": {
    "status": "generated",
    "div": "<div xmlns=\"http://www.w3.org/1999/xhtml\"><p><b>Anonymous Patient</b> (no stated gender), DoB Unknown ( Social Security number: 578448930 (OFFICIAL))</p></div>"
  },
  "identifier": [
    {
      "use": "official",
      "type": {
        "coding": [
          {
            "system": "http://terminology.hl7.org/CodeSystem/v2-0203",
            "code": "SS"
          }
        ]
      },
      "system": "http://hl7.org/fhir/sid/us-ssn",
      "value": "578448930"
    }
  ]
}