<?xml version="1.0" encoding="UTF-8"?>

<Patient xmlns="http://hl7.org/fhir">
  <id value="PMIPatientWithSSN"/>
  <meta>
    <profile value="https://pmi-ops.org/fhir/StructureDefinition/pmi-patient"/>
  </meta>
  <text>
    <status value="generated"/><div xmlns="http://www.w3.org/1999/xhtml"><p><b>Anonymous Patient</b> (no stated gender), DoB Unknown ( Social Security number: 578448930 (OFFICIAL))</p></div>
  </text>
  <identifier>
    <use value="official"/>
    <type>
      <coding>
        <system value="http://terminology.hl7.org/CodeSystem/v2-0203"/>
        <code value="SS"/>
      </coding>
    </type>
    <system value="http://hl7.org/fhir/sid/us-ssn"/>
    <value value="578448930"/>
  </identifier>
</Patient>