{
  "package": "fhir.us.pmi.ig",
  "version": "0.1.0",
  "fhirVersion": "4.0.1",
  "extensions": [
    {
      "url": "https://pmi-ops.org/fhir/StructureDefinition/pmiresearch-pairing-name",
      "title": "PMI Research Pairing Organization Name",
      "types": [
        "string"
      ]
    },
    {
      "url": "https://pmi-ops.org/fhir/StructureDefinition/pmiresearch-pairing-organization",
      "title": "PMI Research Pairing Organization",
      "types": [
        "base64Binary",
        "boolean",
        "canonical",
        "code",
        "date",
        "dateTime",
        "decimal",
        "id",
        "instant",
        "integer",
        "markdown",
        "oid",
        "positiveInt",
        "string",
        "time",
        "unsignedInt",
        "uri",
        "url",
        "uuid",
        "Address",
        "Age",
        "Annotation",
        "Attachment",
        "CodeableConcept",
        "Coding",
        "ContactPoint",
        "Count",
        "Distance",
        "Duration",
        "HumanName",
        "Identifier",
        "Money",
        "Period",
        "Quantity",
        "Range",
        "Ratio",
        "Reference",
        "SampledData",
        "Signature",
        "Timing",
        "ContactDetail",
        "Contributor",
        "DataRequirement",
        "Expression",
        "ParameterDefinition",
        "RelatedArtifact",
        "TriggerDefinition",
        "UsageContext",
        "Dosage",
        "Meta"
      ]
    },
    {
      "url": "https://pmi-ops.org/fhir/StructureDefinition/pmiresearch-pairing-type",
      "title": "PMI Research Pairing Organization Type",
      "types": [
        "code"
      ]
    }
  ],
  "profiles": {
    "Patient": [
      {
        "url": "https://pmi-ops.org/fhir/StructureDefinition/pmi-patient",
        "title": "PMI Patient"
      }
    ],
    "ResearchSubject": [
      {
        "url": "https://pmi-ops.org/fhir/StructureDefinition/pmiresearch-subject",
        "title": "PMI Research Subject"
      }
    ]
  },
  "usage": {
    "http://hl7.org/fhir/StructureDefinition/elementdefinition-bestpractice": [
      "StructureDefinition.snapshot.element.constraint"
    ],
    "http://hl7.org/fhir/StructureDefinition/elementdefinition-bestpractice-explanation": [
      "StructureDefinition.snapshot.element.constraint"
    ],
    "http://hl7.org/fhir/StructureDefinition/elementdefinition-bindingName": [
      "StructureDefinition.snapshot.element.binding"
    ],
    "http://hl7.org/fhir/StructureDefinition/elementdefinition-isCommonBinding": [
      "StructureDefinition.snapshot.element.binding"
    ],
    "http://hl7.org/fhir/StructureDefinition/elementdefinition-maxValueSet": [
      "StructureDefinition.snapshot.element.binding"
    ],
    "http://hl7.org/fhir/StructureDefinition/structuredefinition-category": [
      "StructureDefinition"
    ],
    "http://hl7.org/fhir/StructureDefinition/structuredefinition-explicit-type-name": [
      "StructureDefinition.snapshot.element"
    ],
    "http://hl7.org/fhir/StructureDefinition/structuredefinition-fhir-type": [
      "StructureDefinition.snapshot.element.type"
    ],
    "http://hl7.org/fhir/StructureDefinition/structuredefinition-hierarchy": [
      "StructureDefinition.snapshot.element.type"
    ],
    "http://hl7.org/fhir/StructureDefinition/structuredefinition-security-category": [
      "StructureDefinition"
    ],
    "http://hl7.org/fhir/tools/StructureDefinition/ig-parameter": [
      "ImplementationGuide.definition"
    ],
    "http://hl7.org/fhir/tools/StructureDefinition/resource-information": [
      "ImplementationGuide.definition.resource"
    ],
    "https://pmi-ops.org/fhir/StructureDefinition/pmiresearch-pairing-name": [
      "Extension"
    ],
    "https://pmi-ops.org/fhir/StructureDefinition/pmiresearch-pairing-organization": [
      "ResearchSubject"
    ],
    "https://pmi-ops.org/fhir/StructureDefinition/pmiresearch-pairing-type": [
      "Extension"
    ]
  }
}