{"resourceType":"CodeSystem","id":"PMIRelationshipTypeCS","text":{"status":"generated","div":"<div xmlns=\"http://www.w3.org/1999/xhtml\"><p>This code system <code>https://pmi-fhir-ig.github.io/pmi-fhir-ig/CodeSystem/PMIRelationshipTypeCS</code> defines the following codes:</p><table class=\"codes\"><tr><td style=\"white-space:nowrap\"><b>Code</b></td><td><b>Display</b></td></tr><tr><td style=\"white-space:nowrap\">spouse<a name=\"PMIRelationshipTypeCS-spouse\"> </a></td><td>Spouse or Partner</td></tr><tr><td style=\"white-space:nowrap\">friend<a name=\"PMIRelationshipTypeCS-friend\"> </a></td><td>Friend</td></tr><tr><td style=\"white-space:nowrap\">parent<a name=\"PMIRelationshipTypeCS-parent\"> </a></td><td>Parent or Guardian</td></tr><tr><td style=\"white-space:nowrap\">child<a name=\"PMIRelationshipTypeCS-child\"> </a></td><td>Child</td></tr><tr><td style=\"white-space:nowrap\">relative<a name=\"PMIRelationshipTypeCS-relative\"> </a></td><td>Relative</td></tr><tr><td style=\"white-space:nowrap\">other<a name=\"PMIRelationshipTypeCS-other\"> </a></td><td>Relative</td></tr></table></div>"},"url":"https://pmi-fhir-ig.github.io/pmi-fhir-ig/CodeSystem/PMIRelationshipTypeCS","version":"0.1.1","name":"PMIRelationshipTypeCS","title":"PMI Relationship Type Code System","status":"active","experimental":false,"date":"2023-01-17T01:07:30+00:00","publisher":"Vibrent Health","contact":[{"name":"Vibrent Health","telecom":[{"system":"url","value":"https://vibrenthealth.com"},{"system":"email","value":"anaik@vibrenthealth.com"}]},{"name":"Addy Naik","telecom":[{"system":"email","value":"anaik@vibrenthealth.com","use":"work"}]},{"name":"Daniel Uribe","telecom":[{"system":"email","value":"duribe@vibrenthealth.com","use":"work"}]}],"description":"Relationship types for the PMI Participant's secondary contacts","caseSensitive":true,"content":"complete","count":6,"concept":[{"code":"spouse","display":"Spouse or Partner"},{"code":"friend","display":"Friend"},{"code":"parent","display":"Parent or Guardian"},{"code":"child","display":"Child"},{"code":"relative","display":"Relative"},{"code":"other","display":"Relative"}]}