{"resourceType":"CodeSystem","id":"PMIIdentifierTypeCS","text":{"status":"generated","div":"<div xmlns=\"http://www.w3.org/1999/xhtml\"><p>This code system <code>https://pmi-fhir-ig.github.io/pmi-fhir-ig/CodeSystem/PMIIdentifierTypeCS</code> defines the following codes:</p><table class=\"codes\"><tr><td style=\"white-space:nowrap\"><b>Code</b></td><td><b>Display</b></td></tr><tr><td style=\"white-space:nowrap\">NPH-1000<a name=\"PMIIdentifierTypeCS-NPH-1000\"> </a></td><td>NPH Program Identifier for study 1000</td></tr></table></div>"},"url":"https://pmi-fhir-ig.github.io/pmi-fhir-ig/CodeSystem/PMIIdentifierTypeCS","version":"0.1.1","name":"PMIIdentifierTypeCS","title":"PMI Identifier Type Code System","status":"active","experimental":false,"date":"2023-01-17T01:07:30+00:00","publisher":"Vibrent Health","contact":[{"name":"Vibrent Health","telecom":[{"system":"url","value":"https://vibrenthealth.com"},{"system":"email","value":"anaik@vibrenthealth.com"}]},{"name":"Addy Naik","telecom":[{"system":"email","value":"anaik@vibrenthealth.com","use":"work"}]},{"name":"Daniel Uribe","telecom":[{"system":"email","value":"duribe@vibrenthealth.com","use":"work"}]}],"description":"Identifier types for the PMI Participant","caseSensitive":true,"content":"complete","count":1,"concept":[{"code":"NPH-1000","display":"NPH Program Identifier for study 1000"}]}