{"resourceType":"CodeSystem","id":"pmi-pairing-type-code-system","meta":{"versionId":"1"},"text":{"status":"generated","div":"<div xmlns=\"http://www.w3.org/1999/xhtml\"><p>This code system https://pmi-ops.org/fhir/CodeSystem/pmi-pairing-type-code-system defines the following codes:</p><table class=\"codes\"><tr><td style=\"white-space:nowrap\"><b>Code</b></td><td><b>Display</b></td><td><b>Definition</b></td></tr><tr><td style=\"white-space:nowrap\">awardee<a name=\"pmi-pairing-type-code-system-awardee\"> </a></td><td>Awardee</td><td>Awardee Entity for participants</td></tr><tr><td style=\"white-space:nowrap\">organization<a name=\"pmi-pairing-type-code-system-organization\"> </a></td><td>Organization</td><td>Organization Entity for participants</td></tr><tr><td style=\"white-space:nowrap\">site<a name=\"pmi-pairing-type-code-system-site\"> </a></td><td>Site</td><td>Site Entity for participants</td></tr></table></div>"},"url":"https://pmi-ops.org/fhir/CodeSystem/pmi-pairing-type-code-system","version":"0.1.0","name":"PMIPairingTypeCodeSystem","title":"PMI Pairing Type CodeSystem","status":"active","date":"2022-03-30T20:40:12+00:00","publisher":"Vibrent Health","contact":[{"name":"Vibrent Health","telecom":[{"system":"url","value":"https://vibrenthealth.com"}]},{"name":"Addy Naik","telecom":[{"system":"email","value":"anaik@vibrenthealth.com","use":"work"}]},{"name":"Daniel Uribe","telecom":[{"system":"email","value":"duribe@vibrenthealth.com","use":"work"}]}],"description":"Pairing Type CodeSystem for identifying type of pairing entity","caseSensitive":false,"content":"complete","count":3,"concept":[{"code":"awardee","display":"Awardee","definition":"Awardee Entity for participants"},{"code":"organization","display":"Organization","definition":"Organization Entity for participants"},{"code":"site","display":"Site","definition":"Site Entity for participants"}]}