{"resourceType":"ImplementationGuide","id":"fhir.us.pmi.ig","text":{"status":"extensions","div":"<div xmlns=\"http://www.w3.org/1999/xhtml\"><h2>PMICoreIG</h2><p>The official URL for this implementation guide is: </p><pre>https://pmi-ops.org/fhir/ImplementationGuide/fhir.us.pmi.ig</pre></div>"},"url":"https://pmi-ops.org/fhir/ImplementationGuide/fhir.us.pmi.ig","version":"0.1.0","name":"PMICoreIG","status":"draft","date":"2022-03-30T16:10:16+00:00","publisher":"Vibrent Health","contact":[{"name":"Vibrent Health","telecom":[{"system":"url","value":"https://vibrenthealth.com"}]},{"name":"Addy Naik","telecom":[{"system":"email","value":"anaik@vibrenthealth.com","use":"work"}]},{"name":"Daniel Uribe","telecom":[{"system":"email","value":"duribe@vibrenthealth.com","use":"work"}]}],"packageId":"fhir.us.pmi.ig","license":"CC0-1.0","fhirVersion":["4.0.1"],"definition":{"extension":[{"extension":[{"url":"code","valueString":"copyrightyear"},{"url":"value","valueString":"2022+"}],"url":"http://hl7.org/fhir/tools/StructureDefinition/ig-parameter"},{"extension":[{"url":"code","valueString":"releaselabel"},{"url":"value","valueString":"ci-build"}],"url":"http://hl7.org/fhir/tools/StructureDefinition/ig-parameter"},{"extension":[{"url":"code","valueString":"propagate-status"},{"url":"value","valueString":"true"}],"url":"http://hl7.org/fhir/tools/StructureDefinition/ig-parameter"},{"extension":[{"url":"code","valueString":"show-inherited-invariants"},{"url":"value","valueString":"false"}],"url":"http://hl7.org/fhir/tools/StructureDefinition/ig-parameter"},{"extension":[{"url":"code","valueString":"excludettl"},{"url":"value","valueString":"true"}],"url":"http://hl7.org/fhir/tools/StructureDefinition/ig-parameter"},{"extension":[{"url":"code","valueString":"default-version"},{"url":"value","valueString":"true"}],"url":"http://hl7.org/fhir/tools/StructureDefinition/ig-parameter"},{"extension":[{"url":"code","valueString":"autoload-resources"},{"url":"value","valueString":"true"}],"url":"http://hl7.org/fhir/tools/StructureDefinition/ig-parameter"},{"extension":[{"url":"code","valueString":"path-liquid"},{"url":"value","valueString":"template/liquid"}],"url":"http://hl7.org/fhir/tools/StructureDefinition/ig-parameter"},{"extension":[{"url":"code","valueString":"path-liquid"},{"url":"value","valueString":"input/liquid"}],"url":"http://hl7.org/fhir/tools/StructureDefinition/ig-parameter"},{"extension":[{"url":"code","valueString":"path-qa"},{"url":"value","valueString":"temp/qa"}],"url":"http://hl7.org/fhir/tools/StructureDefinition/ig-parameter"},{"extension":[{"url":"code","valueString":"path-temp"},{"url":"value","valueString":"temp/pages"}],"url":"http://hl7.org/fhir/tools/StructureDefinition/ig-parameter"},{"extension":[{"url":"code","valueString":"path-output"},{"url":"value","valueString":"output"}],"url":"http://hl7.org/fhir/tools/StructureDefinition/ig-parameter"},{"extension":[{"url":"code","valueString":"path-suppressed-warnings"},{"url":"value","valueString":"input/ignoreWarnings.txt"}],"url":"http://hl7.org/fhir/tools/StructureDefinition/ig-parameter"},{"extension":[{"url":"code","valueString":"path-history"},{"url":"value","valueString":"https://pmi-ops.org/fhir/history.html"}],"url":"http://hl7.org/fhir/tools/StructureDefinition/ig-parameter"},{"extension":[{"url":"code","valueString":"template-html"},{"url":"value","valueString":"template-page.html"}],"url":"http://hl7.org/fhir/tools/StructureDefinition/ig-parameter"},{"extension":[{"url":"code","valueString":"template-md"},{"url":"value","valueString":"template-page-md.html"}],"url":"http://hl7.org/fhir/tools/StructureDefinition/ig-parameter"},{"extension":[{"url":"code","valueString":"apply-contact"},{"url":"value","valueString":"true"}],"url":"http://hl7.org/fhir/tools/StructureDefinition/ig-parameter"},{"extension":[{"url":"code","valueString":"apply-context"},{"url":"value","valueString":"true"}],"url":"http://hl7.org/fhir/tools/StructureDefinition/ig-parameter"},{"extension":[{"url":"code","valueString":"apply-copyright"},{"url":"value","valueString":"true"}],"url":"http://hl7.org/fhir/tools/StructureDefinition/ig-parameter"},{"extension":[{"url":"code","valueString":"apply-jurisdiction"},{"url":"value","valueString":"true"}],"url":"http://hl7.org/fhir/tools/StructureDefinition/ig-parameter"},{"extension":[{"url":"code","valueString":"apply-license"},{"url":"value","valueString":"true"}],"url":"http://hl7.org/fhir/tools/StructureDefinition/ig-parameter"},{"extension":[{"url":"code","valueString":"apply-publisher"},{"url":"value","valueString":"true"}],"url":"http://hl7.org/fhir/tools/StructureDefinition/ig-parameter"},{"extension":[{"url":"code","valueString":"apply-version"},{"url":"value","valueString":"true"}],"url":"http://hl7.org/fhir/tools/StructureDefinition/ig-parameter"},{"extension":[{"url":"code","valueString":"active-tables"},{"url":"value","valueString":"true"}],"url":"http://hl7.org/fhir/tools/StructureDefinition/ig-parameter"}],"grouping":[{"id":"-str-profile","name":"Structures: Resource Profiles","description":"These define constraints on FHIR resources for systems conforming to this implementation guide"},{"id":"-str-extension","name":"Structures: Extension Definitions","description":"These define constraints on FHIR data types for systems conforming to this implementation guide"},{"id":"-term-valueset","name":"Terminology: Value Sets","description":"These define sets of codes used by systems conforming to this implementation guide"},{"id":"-term-codesystem","name":"Terminology: Code Systems","description":"These define new code systems used by systems conforming to this implementation guide"},{"id":"-ex-example","name":"Example: Example Instances","description":"These are example instances that show what data produced and consumed by systems conforming with this implementation guide might look like"}],"resource":[{"extension":[{"url":"http://hl7.org/fhir/StructureDefinition/implementationguide-page","valueUri":"StructureDefinition-pmi-patient.html"}],"reference":{"reference":"StructureDefinition/pmi-patient"},"name":"PMI Patient","description":"Participant profile","exampleBoolean":false,"groupingId":"-str-profile"},{"extension":[{"url":"http://hl7.org/fhir/StructureDefinition/implementationguide-page","valueUri":"StructureDefinition-pmiresearch-subject.html"}],"reference":{"reference":"StructureDefinition/pmiresearch-subject"},"name":"PMI Research Subject","description":"Research Subject for PMI Program","exampleBoolean":false,"groupingId":"-str-profile"},{"extension":[{"url":"http://hl7.org/fhir/StructureDefinition/implementationguide-page","valueUri":"StructureDefinition-pmipairing-entities.html"}],"reference":{"reference":"StructureDefinition/pmipairing-entities"},"name":"PMI Pairing Entities","description":"Entities that Participant is paired with","exampleBoolean":false,"groupingId":"-str-extension"},{"extension":[{"url":"http://hl7.org/fhir/StructureDefinition/implementationguide-page","valueUri":"StructureDefinition-pmipairing-entity-code.html"}],"reference":{"reference":"StructureDefinition/pmipairing-entity-code"},"name":"PMI Pairing Entity Code","description":"Code for the entity that Participant is paired with","exampleBoolean":false,"groupingId":"-str-extension"},{"extension":[{"url":"http://hl7.org/fhir/StructureDefinition/implementationguide-page","valueUri":"StructureDefinition-pmipairing-entity-name.html"}],"reference":{"reference":"StructureDefinition/pmipairing-entity-name"},"name":"PMI Pairing Entity Name","description":"Name of the entity that Participant is paired with","exampleBoolean":false,"groupingId":"-str-extension"},{"extension":[{"url":"http://hl7.org/fhir/StructureDefinition/implementationguide-page","valueUri":"StructureDefinition-pmipairing-entity-type.html"}],"reference":{"reference":"StructureDefinition/pmipairing-entity-type"},"name":"PMI Research Pairing Organization Type","description":"Type of entity that Participant is paired with","exampleBoolean":false,"groupingId":"-str-extension"},{"extension":[{"url":"http://hl7.org/fhir/StructureDefinition/implementationguide-page","valueUri":"ValueSet-pmipairing-type-codes.html"}],"reference":{"reference":"ValueSet/pmipairing-type-codes"},"name":"PMI Pairing Type Codes","description":"Pairing Type Codes for identifying type of pairing entity","exampleBoolean":false,"groupingId":"-term-valueset"},{"extension":[{"url":"http://hl7.org/fhir/StructureDefinition/implementationguide-page","valueUri":"CodeSystem-pmipairing-type-code-system.html"}],"reference":{"reference":"CodeSystem/pmipairing-type-code-system"},"name":"PMI Pairing Type CodeSystem","description":"Pairing Type CodeSystem for identifying type of pairing entity","exampleBoolean":false,"groupingId":"-term-codesystem"},{"extension":[{"url":"http://hl7.org/fhir/StructureDefinition/implementationguide-page","valueUri":"ResearchStudy-PMI.html"}],"reference":{"reference":"ResearchStudy/PMI"},"name":"Research Subject Active","description":"Participant who has completed primary consent and is active","exampleBoolean":true,"groupingId":"-ex-example"},{"extension":[{"url":"http://hl7.org/fhir/StructureDefinition/implementationguide-page","valueUri":"Patient-PMIPatientWithName.html"}],"reference":{"reference":"Patient/PMIPatientWithName"},"name":"PMI Patient With Name","description":"Participant patient record with name","exampleCanonical":"https://pmi-ops.org/fhir/StructureDefinition/pmi-patient","groupingId":"-ex-example"},{"extension":[{"url":"http://hl7.org/fhir/StructureDefinition/implementationguide-page","valueUri":"Patient-PMIPatientWithPhoneAndEmail.html"}],"reference":{"reference":"Patient/PMIPatientWithPhoneAndEmail"},"name":"PMI Patient With Phone And Email","description":"Participant patient record with phone and email records","exampleCanonical":"https://pmi-ops.org/fhir/StructureDefinition/pmi-patient","groupingId":"-ex-example"},{"extension":[{"url":"http://hl7.org/fhir/StructureDefinition/implementationguide-page","valueUri":"Patient-PMIPatientWithSSN.html"}],"reference":{"reference":"Patient/PMIPatientWithSSN"},"name":"PMI Patient With SSN","description":"Participant patient record with phone and email records","exampleCanonical":"https://pmi-ops.org/fhir/StructureDefinition/pmi-patient","groupingId":"-ex-example"},{"extension":[{"url":"http://hl7.org/fhir/StructureDefinition/implementationguide-page","valueUri":"Consent-PMIPrimaryConsent.html"}],"reference":{"reference":"Consent/PMIPrimaryConsent"},"name":"PMI Primary Consent","description":"Participants primary consent","exampleBoolean":true,"groupingId":"-ex-example"},{"extension":[{"url":"http://hl7.org/fhir/StructureDefinition/implementationguide-page","valueUri":"ResearchSubject-ResearchSubjectActive.html"}],"reference":{"reference":"ResearchSubject/ResearchSubjectActive"},"name":"Research Subject Active","description":"Participant who has completed primary consent and is active","exampleCanonical":"https://pmi-ops.org/fhir/StructureDefinition/pmiresearch-subject","groupingId":"-ex-example"}],"page":{"nameUrl":"toc.html","title":"Table of Contents","generation":"html","page":[{"nameUrl":"index.html","title":"Home","generation":"markdown"},{"nameUrl":"artifacts.html","title":"Artifacts Summary","generation":"html","page":[{"nameUrl":"StructureDefinition-pmi-patient.html","title":"PMI Patient","generation":"generated"},{"nameUrl":"StructureDefinition-pmiresearch-subject.html","title":"PMI Research Subject","generation":"generated"},{"nameUrl":"StructureDefinition-pmipairing-entities.html","title":"PMI Pairing Entities","generation":"generated"},{"nameUrl":"StructureDefinition-pmipairing-entity-code.html","title":"PMI Pairing Entity Code","generation":"generated"},{"nameUrl":"StructureDefinition-pmipairing-entity-name.html","title":"PMI Pairing Entity Name","generation":"generated"},{"nameUrl":"StructureDefinition-pmipairing-entity-type.html","title":"PMI Research Pairing Organization Type","generation":"generated"},{"nameUrl":"ValueSet-pmipairing-type-codes.html","title":"PMI Pairing Type Codes","generation":"generated"},{"nameUrl":"CodeSystem-pmipairing-type-code-system.html","title":"PMI Pairing Type CodeSystem","generation":"generated"},{"nameUrl":"ResearchStudy-PMI.html","title":"Research Subject Active","generation":"generated"},{"nameUrl":"Patient-PMIPatientWithName.html","title":"PMI Patient With Name","generation":"generated"},{"nameUrl":"Patient-PMIPatientWithPhoneAndEmail.html","title":"PMI Patient With Phone And Email","generation":"generated"},{"nameUrl":"Patient-PMIPatientWithSSN.html","title":"PMI Patient With SSN","generation":"generated"},{"nameUrl":"Consent-PMIPrimaryConsent.html","title":"PMI Primary Consent","generation":"generated"},{"nameUrl":"ResearchSubject-ResearchSubjectActive.html","title":"Research Subject Active","generation":"generated"}]}]},"parameter":[{"code":"path-resource","value":"input/capabilities"},{"code":"path-resource","value":"input/examples"},{"code":"path-resource","value":"input/extensions"},{"code":"path-resource","value":"input/models"},{"code":"path-resource","value":"input/operations"},{"code":"path-resource","value":"input/profiles"},{"code":"path-resource","value":"input/resources"},{"code":"path-resource","value":"input/vocabulary"},{"code":"path-resource","value":"input/maps"},{"code":"path-resource","value":"input/testing"},{"code":"path-resource","value":"input/history"},{"code":"path-resource","value":"fsh-generated/resources"},{"code":"path-pages","value":"template/config"},{"code":"path-pages","value":"input/images"},{"code":"path-tx-cache","value":"input-cache/txcache"}]}}