{"resourceType":"ValueSet","id":"pmiresearch-pairing-type-codes","text":{"status":"generated","div":"<div xmlns=\"http://www.w3.org/1999/xhtml\"><ul><li>Include all codes defined in <a href=\"CodeSystem-pmiresearch-pairing-type-code-system.html\"><code>https://pmi-ops.org/fhir/CodeSystem/pmiresearch-pairing-type-code-system</code></a></li></ul></div>"},"url":"https://pmi-ops.org/fhir/ValueSet/pmiresearch-pairing-type-codes","version":"0.1.0","name":"PMIResearchPairingTypeCodes","title":"PMI Research Pairing Type Codes","status":"active","date":"2022-03-29T01:30:00+00:00","publisher":"Vibrent Health","contact":[{"name":"Vibrent Health","telecom":[{"system":"url","value":"https://vibrenthealth.com"}]},{"name":"Addy Naik","telecom":[{"system":"email","value":"anaik@vibrenthealth.com","use":"work"}]},{"name":"Daniel Uribe","telecom":[{"system":"email","value":"duribe@vibrenthealth.com","use":"work"}]}],"description":"Pairing Type Codes","compose":{"include":[{"system":"https://pmi-ops.org/fhir/CodeSystem/pmiresearch-pairing-type-code-system"}]}}