{
  "resourceType": "Observation",
  "id": "PMIHeightExample",
  "meta": {
    "profile": [
      "https://pmi-ops.org/fhir/StructureDefinition/pmi-physical-measurement-height"
    ]
  },
  "text": {
    "status": "generated",
    "div": "<div xmlns=\"http://www.w3.org/1999/xhtml\"><p><b>Generated Narrative</b></p><div style=\"display: inline-block; background-color: #d9e0e7; padding: 6px; margin: 4px; border: 1px solid #8da1b4; border-radius: 5px; line-height: 60%\"><p style=\"margin-bottom: 0px\">Resource \"PMIHeightExample\" </p><p style=\"margin-bottom: 0px\">Profile: <a href=\"StructureDefinition-pmi-physical-measurement-height.html\">PMI Physical Measurement Height</a></p></div><p><b>status</b>: final</p><p><b>category</b>: Vital Signs <span style=\"background: LightGoldenRodYellow; margin: 4px; border: 1px solid khaki\"> (<a href=\"http://terminology.hl7.org/3.1.0/CodeSystem-observation-category.html\">Observation Category Codes</a>#vital-signs)</span></p><p><b>code</b>: Body height <span style=\"background: LightGoldenRodYellow; margin: 4px; border: 1px solid khaki\"> (<a href=\"https://loinc.org/\">LOINC</a>#8302-2)</span></p><p><b>subject</b>: <a href=\"Patient-PMIPatientWithName.html\">Patient/PMIPatientWithName</a> \" BOND\"</p><p><b>effective</b>: 2022-01-13 12:00:29+0000</p><p><b>value</b>: 71 in<span style=\"background: LightGoldenRodYellow\"> (Details: UCUM code [in_i] = '[in_i]')</span></p></div>"
  },
  "status": "final",
  "category": [
    {
      "coding": [
        {
          "system": "http://terminology.hl7.org/CodeSystem/observation-category",
          "code": "vital-signs"
        }
      ]
    }
  ],
  "code": {
    "coding": [
      {
        "system": "http://loinc.org",
        "code": "8302-2"
      }
    ]
  },
  "subject": {
    "reference": "Patient/PMIPatientWithName"
  },
  "effectiveDateTime": "2022-01-13T12:00:29+00:00",
  "valueQuantity": {
    "value": 71,
    "unit": "in",
    "system": "http://unitsofmeasure.org",
    "code": "[in_i]"
  }
}