{
  "resourceType" : "Patient",
  "id" : "1000578448930",
  "meta" : {
    "source" : "#PMIParticipantProvenanceForNPHExample",
    "profile" : ["https://pmi-fhir-ig.github.io/pmi-fhir-ig/StructureDefinition/pmi-patient"]
  },
  "text" : {
    "status" : "generated",
    "div" : "<div xmlns=\"http://www.w3.org/1999/xhtml\"><p style=\"border: 1px #661aff solid; background-color: #e6e6ff; padding: 10px;\"><b>James Emily Bond (OFFICIAL)</b> (no stated gender), DoB Unknown ( NPH Program Identifier for study 1000: 1000578448930 (use: OFFICIAL))</p><hr/><table class=\"grid\"><tr><td style=\"background-color: #f3f5da\" title=\"Alternate names (see the one above)\">Alt. Name:</td><td colspan=\"3\">Jim (NICKNAME)</td></tr><tr><td style=\"background-color: #f3f5da\" title=\"Ways to contact the Patient\">Contact Details:</td><td colspan=\"3\"><ul><li>ph: 2405553920(HOME)</li><li>ph: 2405553920(HOME)</li><li><a href=\"mailto:patient@example.org\">patient@example.org</a></li><li>4114 Legato Rd Fairafx VA 22033 US (HOME)</li></ul></td></tr></table></div>"
  },
  "contained" : [{
    "resourceType" : "Provenance",
    "id" : "PMIParticipantProvenanceForNPHExample",
    "meta" : {
      "profile" : ["https://pmi-fhir-ig.github.io/pmi-fhir-ig/StructureDefinition/pmi-provenance"]
    },
    "target" : [{
      "reference" : "Patient/1000578448930"
    }],
    "recorded" : "2015-02-07T13:28:17.239+02:00",
    "agent" : [{
      "type" : {
        "coding" : [{
          "system" : "http://terminology.hl7.org/CodeSystem/provenance-participant-type",
          "code" : "author"
        }]
      },
      "who" : {
        "reference" : "Patient/1000578448930"
      }
    }]
  }],
  "identifier" : [{
    "use" : "official",
    "type" : {
      "coding" : [{
        "system" : "https://pmi-fhir-ig.github.io/pmi-fhir-ig/CodeSystem/PMIIdentifierTypeCS",
        "code" : "NPH-1000"
      }]
    },
    "value" : "1000578448930"
  }],
  "name" : [{
    "use" : "official",
    "family" : "Bond",
    "given" : ["James",
    "Emily"],
    "suffix" : ["III"]
  },
  {
    "use" : "nickname",
    "given" : ["Jim"]
  }],
  "telecom" : [{
    "system" : "phone",
    "value" : "2405553920",
    "use" : "home"
  },
  {
    "extension" : [{
      "url" : "https://pmi-fhir-ig.github.io/pmi-fhir-ig/StructureDefinition/pmi-verified",
      "valueBoolean" : true
    }],
    "system" : "phone",
    "value" : "2405553920",
    "use" : "home"
  },
  {
    "extension" : [{
      "url" : "https://pmi-fhir-ig.github.io/pmi-fhir-ig/StructureDefinition/pmi-verified",
      "valueBoolean" : true
    }],
    "system" : "email",
    "value" : "patient@example.org",
    "use" : "home"
  }],
  "address" : [{
    "use" : "home",
    "type" : "physical",
    "line" : ["4114 Legato Rd"],
    "city" : "Fairafx",
    "state" : "VA",
    "postalCode" : "22033",
    "country" : "US"
  }]
}