{
  "resourceType": "Patient",
  "id": "PMIPatientWithTimezone",
  "meta": {
    "profile": [
      "https://pmi-ops.org/fhir/StructureDefinition/pmi-patient"
    ]
  },
  "text": {
    "status": "generated",
    "div": "<div xmlns=\"http://www.w3.org/1999/xhtml\"><p><b>James Emily Bond </b> (no stated gender), DoB Unknown</p></div>"
  },
  "extension": [
    {
      "url": "https://pmi-ops.org/fhir/StructureDefinition/pmi-timezone",
      "valueCode": "America/Los_Angeles"
    }
  ],
  "name": [
    {
      "family": "Bond",
      "given": [
        "James",
        "Emily"
      ]
    }
  ]
}