{
  "resourceType": "Patient",
  "id": "PMIPatientWithPhoneAndEmail",
  "meta": {
    "profile": [
      "https://pmi-ops.org/fhir/StructureDefinition/pmi-patient"
    ]
  },
  "text": {
    "status": "generated",
    "div": "<div xmlns=\"http://www.w3.org/1999/xhtml\"><p><b>Anonymous Patient</b> (no stated gender), DoB Unknown</p></div>"
  },
  "telecom": [
    {
      "system": "phone",
      "value": "2405553920",
      "use": "home"
    },
    {
      "extension": [
        {
          "url": "https://pmi-ops.org/fhir/StructureDefinition/pmi-verified",
          "valueBoolean": true
        }
      ],
      "system": "phone",
      "value": "2405553920",
      "use": "home"
    },
    {
      "extension": [
        {
          "url": "https://pmi-ops.org/fhir/StructureDefinition/pmi-verified",
          "valueBoolean": true
        }
      ],
      "system": "email",
      "value": "patient@example.org",
      "use": "home"
    }
  ]
}