{
  "resourceType": "Patient",
  "id": "P128829103",
  "meta": {
    "source": "#cati-provenance",
    "profile": [
      "https://pmi-ops.org/fhir/StructureDefinition/pmi-patient"
    ]
  },
  "text": {
    "status": "generated",
    "div": "<div xmlns=\"http://www.w3.org/1999/xhtml\"><p style=\"border: 1px #661aff solid; background-color: #e6e6ff; padding: 10px;\"><b>James Emily Bond </b> (no stated gender), DoB Unknown</p><hr/></div>"
  },
  "contained": [
    {
      "resourceType": "Provenance",
      "id": "cati-provenance",
      "target": [
        {
          "reference": "Patient/P128829103"
        }
      ],
      "recorded": "2015-02-07T13:28:17.239+02:00",
      "agent": [
        {
          "type": {
            "coding": [
              {
                "system": "http://terminology.hl7.org/CodeSystem/provenance-participant-type",
                "code": "author"
              }
            ]
          },
          "who": {
            "reference": "#cati-author"
          }
        }
      ]
    },
    {
      "resourceType": "Organization",
      "id": "cati-author",
      "name": "PTSC",
      "contact": [
        {
          "telecom": [
            {
              "system": "email",
              "value": "cati-user@example.org"
            }
          ]
        }
      ]
    }
  ],
  "name": [
    {
      "family": "Bond",
      "given": [
        "James",
        "Emily"
      ]
    }
  ]
}