{
  "resourceType" : "ValueSet",
  "id" : "PMIIdentifierTypeVS",
  "text" : {
    "status" : "generated",
    "div" : "<div xmlns=\"http://www.w3.org/1999/xhtml\"><p>This value set includes codes based on the following rules:</p><ul><li>Include codes from <a href=\"http://terminology.hl7.org/5.0.0/CodeSystem-v2-0203.html\"><code>http://terminology.hl7.org/CodeSystem/v2-0203</code></a> where concept  is-a  <a href=\"http://terminology.hl7.org/5.0.0/CodeSystem-v2-0203.html#v2-0203-SS\">SS</a></li><li>Include all codes defined in <a href=\"CodeSystem-PMIIdentifierTypeCS.html\"><code>https://pmi-fhir-ig.github.io/pmi-fhir-ig/CodeSystem/PMIIdentifierTypeCS</code></a></li></ul></div>"
  },
  "url" : "https://pmi-fhir-ig.github.io/pmi-fhir-ig/ValueSet/PMIIdentifierTypeVS",
  "version" : "0.1.1",
  "name" : "PMIIdentifierTypeVS",
  "title" : "PMI Identifier Type ValueSet",
  "status" : "active",
  "experimental" : false,
  "date" : "2023-01-09T19:01:04+00:00",
  "publisher" : "Vibrent Health",
  "contact" : [{
    "name" : "Vibrent Health",
    "telecom" : [{
      "system" : "url",
      "value" : "https://vibrenthealth.com"
    },
    {
      "system" : "email",
      "value" : "anaik@vibrenthealth.com"
    }]
  },
  {
    "name" : "Addy Naik",
    "telecom" : [{
      "system" : "email",
      "value" : "anaik@vibrenthealth.com",
      "use" : "work"
    }]
  },
  {
    "name" : "Daniel Uribe",
    "telecom" : [{
      "system" : "email",
      "value" : "duribe@vibrenthealth.com",
      "use" : "work"
    }]
  }],
  "description" : "Identifier types for the PMI Participant",
  "compose" : {
    "include" : [{
      "system" : "http://terminology.hl7.org/CodeSystem/v2-0203",
      "filter" : [{
        "property" : "concept",
        "op" : "is-a",
        "value" : "SS"
      }]
    },
    {
      "system" : "https://pmi-fhir-ig.github.io/pmi-fhir-ig/CodeSystem/PMIIdentifierTypeCS"
    }]
  }
}